code,name,1950-07,1951-07,1952-07,1953-07,1954-07,1955-07,1956-07,1957-07,1958-07,1959-07,1960-07,1961-07,1962-07,1963-07,1964-07,1965-07,1966-07,1967-07,1968-07,1969-07,1970-07,1971-07,1972-07,1973-07,1974-07,1975-07,1976-07,1977-07,1978-07,1979-07,1980-07,1981-07,1982-07,1983-07,1984-07,1985-07,1986-07,1987-07,1988-07,1989-07,1990-07,1991-07,1992-07,1993-07,1994-07,1995-07,1996-07,1997-07,1998-07,1999-07,2000-07,2001-07,2002-07,2003-07,2004-07,2005-07,2006-07,2007-07,2008-07,2009-07,2010-07,2011-07,2012-07,2013-07,2014-07,2015-07,2016-07,2017-07,2018-07,2019-07,2020-07,2021-07,2022-07,2023-07
ABW,Aruba (Neth.),1216.84,654.96,542.02,535.42,730.79,958.32,873.32,436.95,498.47,488.62,551.34,724.29,501.37,518.06,575.47,589.34,843.85,579.79,683.35,851.02,1008.97,591.35,569.4,1099.62,1025.88,956.68,554.73,502.57,650.28,852.92,559.9,887.79,502.99,381.42,725.95,926.61,738.16,613.59,1084.52,593.05,826.75,501.56,493.83,594.2,450.49,617.7,549.34,384.93,527.28,989.39,680.29,428.62,546.53,655.13,1114.48,890.15,581.35,691.32,1103.87,482.53,1398.47,1156.81,621.98,491.25,404.16,303.96,790.69,531.86,555.35,315.31,638.34,578.03,817.85,450.11
AFG,Afghanistan,349.26,460.11,385.5,573.08,499.84,393.31,398.74,548.35,291.75,403.99,375.64,377.88,300.84,343.42,384.51,390.93,301.13,421.26,410.44,412,286.76,247.6,497,330.46,366.28,351.28,424.94,376.1,339.42,398.22,417.93,410.79,498.93,373.33,338.27,316.98,392.11,350.27,374.1,374.25,392.27,525.41,486.02,356.51,378.26,366.3,368.1,420.69,407.78,350.35,222.32,205.64,307.55,353.28,319.09,376.73,349.26,341.61,280.96,423.47,335.88,352.62,388.37,335.4,351.32,399.88,316.19,327.31,283.99,437.12,408.16,214.54,321.1,273.08
AGO,Angola,1289.23,1391.96,1263.96,1200,698.86,984.49,1002.15,1317.26,1022.43,1309.01,1328.88,1367.36,1195.71,1251.6,1081.46,1204.52,1187.93,1320.92,1143.37,1329.04,1135.58,1060.76,1120.19,1009.98,1123.78,1081.58,1289.11,1125.07,1041.35,1166.42,886.18,970.34,1101.74,1080.08,1170.75,963.56,1200.97,1096.85,1261.84,1036.61,1214.33,1128.38,1088.7,1213.88,1076.98,1110.39,1015,1126.56,1167.88,1226.6,1058.64,1159.24,1232.6,1135.17,1148.11,1127.38,1218.58,1095.95,1145.27,1141.28,1202.21,1227.49,1056.17,1073.37,1097.88,1086.58,1174.58,1054.15,1124.22,1057.26,1209.98,967.91,1056.18,1177.42
AIA,Anguilla (U.K.),857.09,948.48,691.91,660.28,896.63,830.14,647.35,691.23,821.58,662.59,869.91,933.14,766.15,756.07,659.11,786.98,706.61,601.02,576.62,925.95,884.98,674.62,759.7,851.25,976.42,784.58,725.53,837.54,805.1,992.64,649.57,1069.74,898.41,959.25,980,814.64,820.42,1267.33,680.59,806.3,791.46,682.45,846.51,718.21,528.26,1012.24,980.96,795.23,999.54,1433.03,664.4,683.81,667.51,1009.7,1014.41,1167.61,907.89,974.79,970.21,811.81,1398.42,1265.04,894.26,948.32,938.79,583.3,941.19,1157.92,702.9,708.21,835.62,673.87,904.54,988.43
ALA,ALA,616.89,405.2,612.55,526.66,735.07,508.93,535.3,609.24,542.42,525.17,688.66,640.99,604.13,601.65,513.32,638.51,649.27,773.07,595.76,582.41,630.35,635.11,693.96,644.07,832.09,546.38,579.6,702.05,551.88,592.42,626.74,792.19,486.31,714.51,724.35,592.12,692.07,572.75,687.06,682.14,734.64,622.09,616.3,567.83,615.8,566.8,539.45,594.57,684.02,620.11,691.61,665.02,511.94,526.19,520.92,546.95,561.39,645.2,740.6,593.58,637.79,607.48,858.76,575.08,567.89,579.89,545.46,595.88,457.72,752.85,601.27,594.81,571.7,716.63
ALB,Albania,1052.53,1136.51,1319.22,953.16,1203.82,1557.48,1398.11,1200.86,1308.84,1379.65,1690.7,975.68,1577.16,1733.86,1408.25,1247,1684.72,1146.8,1351.43,1509.93,1626.97,1345.9,1538.19,1375.23,1457.32,1003.51,1427.29,1144.44,1487.02,1628.17,1512.04,1467.82,1012.84,1038.94,1104.86,1289.3,1228.42,1260.86,1079.23,1084.9,963.9,1156.29,1003.07,1091.24,933.5,1414.03,1504.49,976.48,1264.4,1309.07,990.37,1177.74,1261.45,1185.77,1511.65,1496.67,1101.81,1087.14,1113.24,1523.05,1920.28,864.09,1377.37,1401.91,1399.04,1163.76,1553.45,1169.29,1541.76,1268.55,1154.18,1568.25,1237.01,1455.63
AND,Andorra,840.82,1110.87,929.03,805.37,951.95,938.63,907.53,885.76,932.11,1116.96,1146.86,815.2,941.73,1049.05,879.24,1174.14,1001.1,973.35,1049.13,1205.5,1009.18,1196.68,1322.22,968.32,1191.23,952.29,1057.63,1149.62,996.25,1135.37,1095.49,1141.02,1145.95,826.13,951.53,924.45,948.89,1067.06,899.18,809.34,936.4,879.33,1130.4,882.23,871.65,988.11,1243.6,912.9,921.08,953.82,873.41,829.28,1128.69,1151.95,906.78,974.5,787.78,837.32,1157.92,1023.18,993.69,910.42,892.45,1259.03,1135.64,918.93,919.42,969.2,1320.71,989.21,1128.45,947.55,887.19,978.39
ARE,United Arab Emirates,43.85,72.12,56.51,88.61,28.51,88.75,9.89,132.8,35.61,70.82,39.95,32.79,11.91,60.35,97.92,103.39,24.96,31.85,66.59,78.8,25.07,18.39,134.48,21.8,37.85,25.96,81.1,52.12,32.62,49.15,21.39,15.88,126.61,138.47,18.68,14.05,36.37,49.33,118.67,100.51,76.34,33.41,108.87,85.59,12.06,106.15,91.95,146.89,52.8,23.17,10.7,10,44.43,31.21,29.84,35.09,64.92,22.15,32.47,51.15,30.49,21.46,15.4,67.01,38.58,20.28,57.88,47.3,15.19,44.34,69.73,13.1,34.66,43.09
ARG,Argentina,700.57,949.96,765.99,944.09,872.69,807.08,855.35,900.01,869.36,908.91,726,777.27,631.53,869.34,685.74,700.8,759.73,928.72,844.91,837.6,774.83,738.37,890.38,908.17,791.65,834.01,811.76,825.36,834.51,862.6,852.74,840.9,869.82,836.09,1028.83,957.71,906.84,858.11,697.34,731.19,903.95,961.12,954.24,841.39,825.4,688.39,832.43,918.54,852.3,849.51,956.83,938.84,947.91,751.45,736.51,742.36,757.1,780.87,685.79,677.15,703.66,680.35,769.88,622.72,862.03,819.09,806.03,826.18,735.88,695.88,579.64,608.34,540.57,619.38
ARM,Armenia,838.37,991.58,753.58,951.17,785.43,904.39,805.28,816.62,787.14,894.98,819.71,675.46,797.82,1243.56,881.99,1027.75,875.91,1021.31,958.78,949.4,775.53,816.15,997.5,868.1,874.77,836.07,862.84,898.72,905.71,913.84,801.53,1015.67,1001.28,950.84,848.22,832.6,912.08,953.19,1111.23,800.59,837.15,835.7,854.48,871.55,919.43,773.16,778.37,828.62,757.14,866.79,692.54,787.67,986.4,943.05,850.64,929.75,820.44,963.41,803.81,987.9,923.3,935.58,866.71,847.15,835.01,918.47,1015.04,728.38,916.37,734.78,818.51,750.68,697.7,886.66
ASM,American Samoa (U.S.),1672,2277.08,2984.88,2310.48,1988.65,2085.52,1850.98,2640.73,2820.82,2890.55,2643.1,2313.97,2561.83,2214.55,2501.48,2351.15,2257.14,2565.65,1919.04,1802.52,2130.78,2052.91,2430.62,2994.57,1941.88,2157.58,2031.12,2025.4,3440.53,1950.56,2079.68,2625.1,2083.29,1701.67,2555.66,2078.29,2566.52,1942.13,2907.47,2237.33,2365.37,2514.25,2247.96,2171.91,2535.13,2682.8,2752.99,2392.6,1828.45,2453.58,2379.38,2777.57,2458.21,2717.26,2252.16,2681.63,3359.69,3176.59,2683.99,2224.87,2651.55,2399.66,2806.57,2568.7,2474.86,2592.85,2416.5,3028.79,2939.52,2489.54,3654.05,2163.93,2093.15,2446.57
ATF,French Southern and Antarctic Lands (Fr.),1479.77,1402.19,1571.44,1520.89,1604.8,1413.16,1473.51,1545.48,1634.38,1395.67,1607.31,1721.9,1511.76,1415.86,1559.32,1554.62,1699.03,1683.71,1540.43,1605.14,1470.55,1455.96,1483.4,1717.22,1632.02,1662.54,1628.31,1645.92,1732.43,1778.88,1877.35,1704.4,1676.12,1724.15,1758.94,1741.73,1698.33,1874.53,1819.23,1897.82,1768,1946.87,1729.52,1712.55,1725.73,1901.78,1592.13,1797.73,1886.25,1747.26,1787.09,1681.75,1724.93,1874.11,1786.74,1684.44,1756.31,1889.4,1821.64,1659.01,1974.13,1582.65,2031.13,1727.1,1791.17,1835.64,1915.15,1691.02,1721.84,1977.73,1804.4,1886.8,1738.81,1811.78
ATG,Antigua and Barbuda,928.78,935.81,726.17,690.65,826.47,829.95,682.69,787,923.61,645.96,934.99,1090.45,829.32,921.74,776.91,810.74,791.67,691.69,663.44,797.53,834.59,631.3,815.2,868.23,987.03,780.04,782.14,871.25,819.06,1129.14,623.12,1014.5,935.18,796.1,852.33,799.17,832.9,1256.53,792.45,778.25,965.14,674.1,804.47,773.94,595.18,1074.69,1000.23,726.89,1156.62,1229.34,724.04,671.89,717.7,886.69,1337.99,1249.66,999.16,944.75,942.92,866.33,1299.12,1305.28,1029.55,991.78,900.28,654.83,1027.42,1032.3,741.75,728.8,895.97,628.71,846.33,968.46
AUS,Australia,560.44,319.54,351.27,419.65,369.24,505.42,565.04,370.38,333.98,391.35,431.69,315.9,437.23,497.8,428.74,385.38,373.51,418.42,512.11,348.67,308.18,426.31,350.63,574.1,712.45,570.79,498.62,452.06,504.73,443.92,411.01,524.03,401.48,504.78,553.62,412.53,399.73,469.15,456.38,456.79,416.96,454.63,441.87,481.33,324.44,510.74,436.2,510.41,538.96,523.76,656.64,501.3,296.07,437.61,447.18,355.3,430.95,470.16,429.6,416.71,623.91,652.33,432.8,391.58,446.66,411.82,484.18,441.13,366.73,241.99,468.47,474.48,554.84,433.43
AUT,Austria,1030.9,1018.55,1137.96,918.27,1284.27,1167.6,1124.01,1106.46,1212.51,1168.42,1216.01,1115.71,1155.06,1111.39,1253.71,1412.51,1454.49,1201.45,1145.39,1127.89,1338.17,1000.01,1233.92,1189.07,1276.99,1201.76,1127.45,1110.07,1102.6,1335.95,1280.01,1275.5,1158.23,1101.89,1089.86,1220.55,1121.9,1304.77,1242.9,1144.42,1157.9,1199.13,1133.58,1152.69,1122.31,1291.72,1311.22,1231.96,1267.48,1340.19,1272.27,1232.32,1342.63,964.57,1229.05,1281.78,1150.5,1280.09,1247.38,1363.9,1307.51,1027.27,1290.5,1325.07,1376.07,1077.08,1339.69,1245.25,1193.46,1281.65,1298.87,1247.98,1196.15,1444.84
AZE,Azerbaijan,575.5,695.3,585.06,648.07,487.55,596.73,613.63,595.56,645.71,594.21,555.9,542.96,618.05,942.92,594.56,679.86,662.92,684.54,603.49,789.34,538.81,479.97,712.13,691.46,631.71,584.74,614.59,642.18,677.09,625.87,693.9,780.81,822.95,609.65,654.31,561.61,569.03,661.89,753.87,516.59,627.93,620.11,670.75,668.19,714.3,555.61,522.79,675.16,547.8,567.13,604.17,582.56,671.32,686.52,646.06,583.28,564.8,620.98,612.77,667.41,641.7,728.08,629.73,623.35,508.64,624.81,733.75,517.63,589.59,522.88,542.47,463.07,475.77,599.35
BDI,Burundi,2119.61,2497.46,2194.57,2707.67,1701.01,2077.78,2142.56,2543.37,2104.78,2360.09,2105.71,2515.77,2544.36,2328.53,2222.47,2131.63,2217.78,2301.51,2494.94,2055.71,2223.78,2285.01,2632.7,2136.32,2114.52,2282.66,2242.02,2311.7,2302.28,2142.68,2046.23,2237.23,2118.68,2006.73,2104.73,2320.21,2433.51,2296.85,2100.01,2146.28,2058.53,2161.15,2026.09,1847.72,2171.76,1835.87,1826.16,2159.26,1886.9,1678.28,1524.78,1940.03,1806.01,1546.69,1709.62,1750.35,2044.72,1882.92,1758.55,1915.82,1886.16,2158.76,2001.64,1902.92,1915.35,1933.8,1807.4,1924,2113.83,2106.13,2078.74,1943.46,1921.68,2190.6
BEL,Belgium,884.77,822.78,885.27,608.21,783.16,672.83,774.37,854.16,916.87,566.44,898.88,836.25,746.07,713.62,709.8,1031.86,1029.95,850.64,923.47,864.17,954.05,719.4,858.33,783.26,1036.85,860.54,611.7,911.57,845.43,958.46,948.46,1121.9,890.07,856.19,1016.01,848.36,930.48,987.44,999.78,779.36,819.09,747.57,873.6,949.04,921.48,890.77,728.38,803.91,1052.27,951.83,1060.77,1084.49,1025.69,723.7,848.51,789.89,913.99,985.35,940.14,867.7,913.06,792.13,989.25,859.39,930.93,829.67,929.63,864.43,774.38,911.97,857.12,1101.73,860.55,1097.77
BEN,Benin,1117.95,1384.01,1006.84,934.16,970.05,1197.58,1042.84,1419.93,874.35,1029.35,1100.29,789.06,1135.98,1069.02,840.43,1046.61,1028.06,1210.97,1378.92,1229.58,1108.65,1166.39,1132.26,1082.33,1032.27,1070.69,1209.66,919.64,1246.69,1188.14,1265.77,1085.12,1105.79,862.49,1047.12,1129.66,1123,1043.26,1285.29,1151.8,1063.84,1317.42,1108.24,1121.69,1307.43,1119.04,1057.65,1084.84,1089.57,1305.92,1025.54,953.77,1197.25,1089.17,930.34,946.27,1037.89,934.31,1018.48,1027.14,1090.8,842.12,1279.23,947,1126.79,1014.31,1159.34,991.84,1143.06,1220.81,967.81,846.09,1007.51,991.09
BES,"Bonaire, Sint Eustatius and Saba",1438.79,885.91,825.13,739.24,1025.62,1078.97,1086.2,622.13,750.47,599.86,733.29,845.49,676.94,668.84,820.2,763.16,892.54,689.24,686.95,862.53,1008.81,647.8,729.95,1110.54,1024.84,1006.75,643.9,720.07,880.61,867.42,748.59,1037.46,790.68,645.77,877.06,1067.42,787.01,806.88,1185.19,713.85,885.38,645.69,687.82,635.48,574.09,805.99,810.81,543.78,926.48,1171.14,920.75,702.62,687.88,845.41,1200.25,1037.12,772.21,845.8,1184.65,693.98,1582.43,1269.42,894.2,694.93,584.64,432.7,880.25,824.75,680.53,427.5,692.91,684.37,992.72,574.03
BFA,Burkina Faso,752.93,855.23,698.13,607.37,702.91,678.79,860.68,862.4,691.32,653.37,636.45,536.21,703.08,638.48,647.36,666.76,618.89,792.98,796.58,768.86,679.56,731.95,652.36,558.9,616.18,631.23,713.28,595.19,782.59,718.99,709,712.48,619.04,485.61,597.35,632.59,724.52,517.85,747.99,683.88,543.46,623.8,669.08,537.71,745.1,630.65,560.07,609.83,662.03,716.22,618.73,577.42,541.83,729.67,441.22,540.52,546.54,525.03,564.12,570.98,723.25,471.31,710.55,541.43,517.66,645.57,581.05,598.49,672.84,642.61,696.28,473.42,635.3,537.11
BGD,Bangladesh,2679.82,2680.13,2443.43,2951.88,2246.15,2107.28,2414.26,1740.02,2421.49,2703.28,2282.5,2029.55,2055.1,2620.37,2476.43,2715.86,2352.31,2383.82,2514.04,2106.78,2393.27,2746.83,1882.07,2693.59,2635.31,2156.62,2244.11,2140.28,1925.16,1916.19,2012.36,1921.74,1670.38,2675.55,2272.37,1889.57,2274.59,1970.77,2481.07,2121.8,2567.21,2638.3,1863.49,2967.87,2028.74,2389.04,2366.72,2324.72,2530.36,2174.03,2406.72,2305.52,2554.74,2168.33,2632.6,2154.56,1891.44,2755.69,2215.01,2066.41,2233.47,2254.2,1957.41,1995.14,1733.57,2484.55,2284.73,2659.62,1907.98,2023.26,2233.57,2004.24,1755.35,1966.76
BGR,Bulgaria,480.71,675.95,716.75,620.59,845.85,868.72,846.72,741.55,565.79,778.61,805.44,725.52,722.49,832.28,830.36,712.46,987.08,752.62,760.88,855.67,796.05,902.95,996.19,888.7,729.73,855.75,788.04,728.94,798.62,910.1,799.09,763.88,778.8,732.63,743.82,646.49,718.03,778.82,762.44,708.32,615.28,844.52,643.61,622.9,690.37,872.35,789.39,843.9,830.32,822.21,477.27,711.26,879.4,709.24,718.2,1028.61,742,785.78,617.78,777.85,870.47,622.91,714.52,698.32,1114.13,778.36,756.24,804.79,822.16,674.86,709.29,888.99,581.45,727
BHR,Bahrain,30.56,45.27,39.98,108.43,40.53,88.17,22.12,79.85,56.58,89.12,21.71,47.5,39.44,31.37,188.91,34.5,34.84,24.39,47.71,50.33,20.84,22.84,130.8,17.49,48.52,59.83,89.35,84.05,22.77,73.74,38.8,16.19,128.87,73.41,42.83,37.82,75.67,45.45,72.51,94.15,30.29,71.49,138.96,77.79,28.46,163.89,81.49,156.38,63.19,40.69,67.36,30.79,38.21,67.94,51.53,42.09,111.96,31.25,39.43,54.48,9.1,82.3,54.8,50.74,35.92,77.59,45.23,132.95,52.52,106.73,36.33,12.09,24.93,92.91
BHS,The Bahamas,857.67,855.31,885.4,906.5,1009.24,804.49,623.59,871.79,998.62,671.17,1222.86,928.87,788.71,1063.27,993.82,877.82,1280.35,778.04,1117,1207.63,749.01,815.38,1055.45,1096.55,772.76,768,1081.2,1013.57,1047.5,1052.26,993.37,800.05,817.75,1264.07,931.71,916.38,827.7,1102.02,1081.92,756.84,835.19,954.42,907.53,960.26,1151.86,1034.58,993.53,999.19,792.85,977.71,680.9,933.23,791.14,875.54,713.54,1003.58,981.29,1237.92,814.95,815.21,977.25,941.61,1120.1,881.71,866.85,874.89,919.5,987.49,947.4,1075.76,1110.28,665.67,921.57,1048.55
BIH,Bosnia and Herzegovina,992.23,1073.4,1268.98,925.53,1214.07,1437.74,1070.15,1083.21,1089.29,1291.29,1317.96,1065.43,1234.85,1286.77,1359.15,1221.15,1328.7,1198.89,1311.46,1476.96,1325.27,1142.09,1399.64,1148.09,1314.91,1169.17,1302.41,1241.99,1302.66,1254,1299.05,1331.01,1028.35,999.95,1265.98,1149.32,1176.71,1197.08,1089.91,1118.72,993.51,1271.11,1022.71,1084.59,1008.05,1396.79,1344.99,1122.66,1131.35,1392.63,971.47,1415.18,1345.65,1012.39,1413.82,1387.79,1144.61,1222.38,1205.47,1365.94,1583.24,804.17,1091.59,1274.58,1553.66,1103.1,1290.61,1195.2,1321.7,1269.13,1096.87,1264.54,1048.94,1339.33
BLM,Saint-Barthélemy (Fr.),866.09,899.69,688.54,653.75,874.17,783.89,628.49,707.01,828.41,626.04,862.62,941.33,766.67,776.59,657.98,766.87,722.23,616.12,576.57,845.66,831.89,659.68,740.78,838.18,939.29,776.3,731.51,808.13,772.07,1013.51,601.22,1041.29,924.65,853.32,973.51,775.76,828.09,1279.16,694.91,800.94,833.19,657.99,847.27,687.97,502.5,1003.43,946.55,745.18,1025.56,1392.52,661.16,673.21,640.2,926.03,1067.21,1174.85,971.43,971.93,932.72,819.19,1398,1247.83,931.52,952.84,928.81,593.49,915.99,1127.73,705.72,695.42,833.63,679.82,869.61,950.61
BLR,Belarus,645.27,550.77,729.41,539.22,678.91,626.8,721.2,741.17,809.68,542.72,728.24,637.02,871.47,608.9,712.44,746.69,757.85,762.42,747.89,734.53,890.31,762.08,785.14,766.85,825.66,663.03,666.36,823.24,770.46,676.74,889.34,760.03,712.99,714.29,724.14,822.4,717.09,731.92,799.74,791.66,887.13,659.73,696.4,781.26,753.23,702.48,662.5,776.3,928.36,646.2,726.59,718.88,619.95,685.13,757.02,699.81,701.58,706.02,767.8,836.02,794.09,635.63,845.26,719.68,625.2,590.99,790.97,849.21,639.25,644.47,723.87,790.69,823.98,789.8
BLZ,Belize,1537.37,1467.58,1727.21,1550.18,1851.14,1468.05,1696.74,1673.87,1635.56,1586.26,1646.45,1915.88,1684.36,1400.15,1449.41,1568.45,1719.24,1422.78,1763.11,1903.95,1573.26,1569.73,1745.25,1620.15,1671.78,1570.54,1830.9,1503.26,1769.65,1993.96,1791.13,1858.8,1827.97,1804.54,1750.11,1460.57,1554.73,1397.08,1702.41,1456.94,1805.2,1419.9,1547.83,1693.44,1208.83,1561.82,1652.99,1548.53,1693.74,1694.76,1598.26,1444.12,1379.69,1348.52,1390.05,1521.21,1825.87,1612.53,1648.08,1329.75,1599.84,1591.43,1603.15,1941.74,1723.31,1633.84,1565.95,1685.45,1537.14,1138.76,1679.48,1312.62,1731.21,1443.4
BMU,Bermuda (U.K.),1334.79,1728.43,1412.07,1153.02,1177.33,1234.13,1026.64,1329.65,1639.12,1295.15,1318.77,1150.65,1743.17,1316.51,1259.19,1156.58,1129.85,1089.79,1277.63,1309.17,1495.02,1266.51,1332.12,1314.11,1228.45,1101.33,1483.99,1577.25,1700.22,963.47,1563.02,1339.71,1592.58,1661.26,1616.52,1284.3,1631.55,1425.97,1727.04,1337.15,1243.95,1163.97,1493.78,1454.16,1484.73,1401.75,1370.29,1549.36,1544.95,1446.61,1538.6,1510.9,1454.26,1464.7,1236.57,1252.03,1312.05,1402.9,1149.83,1351.82,1381.67,1254.25,1235.42,1496.68,1529.56,1597.03,1550.99,1254.86,1212.98,1363.06,1216.09,1480.45,1220.16,1713.7
BOL,Bolivia,1919.74,1596.07,1736.44,1740.55,1618.38,1621.48,1727.58,1576.14,1672.28,1547.72,1579.61,1157.63,1358.96,1266.41,1386.31,1499.95,1257.68,1539.36,1487.17,1361.29,1495.07,1427.61,1346.55,1500.42,1650.59,1408.37,1468.2,1670.21,1612.29,1473.17,1646,1779.4,1699.32,1513.12,1627.6,1607.81,1515.6,1528.19,1576.61,1628.44,1596.39,1615.61,1689.51,1486.64,1531.79,1496.3,1461.67,1513.78,1505.91,1373.64,1411.52,1475.85,1310.43,1361.35,1455.33,1459.73,1538.97,1527.53,1539.37,1550.6,1280.32,1492.23,1599.76,1508.41,1639.56,1524.27,1414.95,1552.45,1628.23,1463.43,1239.3,1474.04,1184.58,1226.97
BRA,Brazil,1716.47,1563.72,1807.1,1788.5,1632.65,1657.92,1829.41,1678.68,1584.56,1711.3,1818.8,1451.9,1735.01,1502.39,1789.73,1866.77,1846.02,1667.75,1646.32,1437.25,1724.81,1891.74,1814.96,1926.14,1962.82,1804.77,1870,1932.12,1896.29,1862.89,1810.79,1716.11,1797.6,1820.63,1896.22,2027.78,1900.54,1739.53,1904.89,2049.38,1709.53,1791.21,1820.51,1774.4,1875.79,1850.17,1901.27,1791.11,1724.86,1871.45,1919.08,1764.28,1714.24,1709.92,1805.91,1776.01,1811.34,1675.52,1897.32,1967.4,1685.3,1906.61,1638.81,1873.1,1758.39,1609.85,1741.58,1748.23,1800.4,1671.08,1666.41,1771.78,1699.81,1428.39
BRB,Barbados,1517.68,1476.8,1068.57,1024.55,1249.66,1224.2,1135.37,1088.76,1415.3,1037.76,1162.83,1487.86,1353.45,1373.54,1324.41,1014.38,1138,846.15,945.01,925.27,1006.6,812.24,919.17,978.64,983.01,1128.04,978.54,1130.08,1029.97,1276.57,1029.56,1298.39,1036.59,1094.93,1138.43,1069.22,943.31,1073.5,1328.64,895.2,1032.72,1026.37,1074.15,978.29,915.48,1104.44,1139.7,992.21,1122.17,1049.56,1035.78,987.85,955.69,987.31,1294.79,1520.09,1180.31,1061.21,1091.34,963.49,1453.09,1580.91,1126.05,1079.94,915.8,787.13,1082.7,1278,1093.53,961.18,1069.13,863.98,1257.42,1159.26
BRN,Brunei Darussalam,2851.02,2410.29,2355.42,2407.29,3249.76,3488.41,3616.12,2891.36,3062.82,2878.9,3071.58,2821.68,3557.58,3456.55,3091.84,2792.56,3994.16,3085.36,3142.59,3590.11,3760.29,3301.19,2995.81,3686.21,3549.29,3364.71,3233.01,3370.35,3067.24,3148.76,3216.08,3301.81,2506.28,2999.53,3459.68,2940.62,3025.38,2677.15,3552.18,2685.46,2502.76,2980.34,2569.58,2733.76,2532.6,3080.85,3322.07,2525.29,2861.93,3137.58,2837.87,2883.07,2076.48,2465.44,2295.26,2325.12,2658.98,3544.62,3808.81,2822.85,3606.35,3305.94,3144.14,3051.43,3135.71,2921.15,2736.61,3406.17,3091.34,2701.43,3189.07,3388.07,3735.74,3099.02
BTN,Bhutan,3602.32,3938.14,3476.49,3001.38,3695.37,3416.59,3368.93,3388.12,4182.12,3381.96,3699.91,2933.51,3573.1,3607.16,3400.22,3320.81,3943.09,3260.46,3396.03,2643.68,3206.47,3268.61,3656,3524.26,3723.39,3022.08,3048.51,3408.78,2687.24,3155.5,2725.16,2503.83,3066.04,3287.07,3412.91,3219.36,2754.18,3284.13,3833.84,3627.81,3570.72,3525.15,2622.37,3672.87,2774.85,3544.99,3526.62,3312.01,3904.68,3137.05,3423.51,2669.62,3378.54,3363.12,3872.3,2830.99,2562.16,3408.04,3461.93,3329.83,4025.73,3168.29,3533.39,2869.25,3230.62,3295.1,3428.05,3395.56,3229.41,3434.99,4084.98,3325.43,3455.79,3280.05
BVT,Bouvet Island (Nor.),988.07,894.96,958.09,923.97,910.57,967.3,880.96,914.72,853.45,816.89,896.92,893.56,916.09,877.32,932.13,914.54,796.7,925.1,829.85,895.03,988.63,907.57,975.71,873.61,982.99,963.17,944.02,1024.25,885.63,964.82,1104.73,960.24,984.5,940.26,830.75,982.35,976.54,956.35,942.99,1018.42,938.1,975.66,872.16,1121.69,995.24,930.67,938.89,999.61,1012.69,901.94,989.95,967.77,1060.9,871.58,988.29,847.53,1007.64,1028.18,1069.4,977.58,886.01,1002.53,1085.1,1002.63,1003.95,1113.36,1003.11,938.06,913.89,970.58,1032.85,1059.53,986.92,919.74
BWA,Botswana,576.43,545.84,476.13,577.81,140.7,648.53,321.37,611.4,721.27,303.86,392.79,506.19,575.02,479.05,317.38,208.51,552.65,535.33,400.23,461.37,384.95,406.24,482.85,436.09,578.43,456.22,491.18,592.32,525.15,357.7,372.44,503.12,431.22,408.1,313.61,387.38,441.36,356.27,572.34,477.26,386.93,544.28,257.67,459.33,356.27,419.64,495.05,482.47,417.87,404,690.19,563.22,289.96,303.36,466.65,397.31,623.82,294.63,439.46,513,526.73,526.41,376.64,396.46,609.67,262.5,422.52,629.57,398.38,310.7,501.06,607.23,469.01,330.42
CAF,Central African Republic,1306.34,1567.56,1742.07,1663.49,1474.47,1640.75,1543.6,1502.94,1676.55,1283.81,1527.22,1393.9,1503.7,1150.31,1033.24,989.1,1092.58,1441.07,1561.57,1788.69,1573.55,1501.46,1470.66,1526.69,1635.47,1560.72,1609.29,1416.64,1552.2,1727.13,1889.97,1670.88,1645.44,1500.8,1532.84,1745,1580.15,1545.57,1609.96,1423.4,1555.88,1558.29,1581.17,1498.31,1587.49,1594.92,1564.46,1470.79,1396.2,1485.44,1325.9,1217.89,1255.16,1295.66,1231.49,1270.43,1280,1278.44,1164.13,1213.06,1353.59,1117.25,1208.58,1144.44,1180.09,1091.66,1215.39,1170.2,1069.34,1183.76,1067.52,958.47,1041.31,1020.82
CAN,Canada,653.78,634.85,670.56,659.17,670.96,639.28,632.5,639.39,645.09,693.43,674.07,636.6,651.69,645.15,655.58,639.78,656.32,623.77,668.1,624.43,617.01,636.6,611.95,670.78,665.83,645.34,665.03,665.79,628.83,647.11,661.35,643.18,637.64,651.35,663.31,643.4,652.49,633.86,668.01,613.86,666.83,658.79,631.16,647.46,652.09,648.45,680.91,672.08,629.71,703.12,652.68,656.96,649.54,659.84,674.8,702.04,666.57,694.12,687.39,632.55,673.41,676.91,681.36,657.94,672.79,668.33,693.42,686.23,654.23,682.19,728.26,686.2,691.61,624.34
CCK,Cocos (Keeling) Islands (Aus.),1250.87,852.73,1085.31,728.21,1149.89,1206.34,1541.38,1349.62,1231.36,921.42,1526.33,904.71,1112.52,1562.23,1364.41,1194.42,1321.32,943.2,1643.36,949.08,2232.54,1197.71,737.71,1943.66,1418.72,1660.64,1214.09,881.42,1398.83,1348.86,1214.84,1871.82,1276.71,1736.82,2112.6,1645.52,1089.73,1204.81,1483.73,1792.12,1796.96,717.01,2233.8,1362.41,1124.46,1635.38,2062.52,1449.81,2154.47,1610.02,2001.23,1872.92,1371.23,1225.46,1443.56,1565.08,1057.49,1303.34,1204.97,1353.73,3110.5,1554.23,1447.39,1873.84,1730.91,1290.86,2331.45,1771.15,1607.72,1049.38,1605.7,2617.33,1984.29,1030.41
CHE,Switzerland,1389.36,1599.03,1574.34,1190.51,1572.39,1416.55,1452.87,1379.76,1673.91,1294.33,1626.39,1375.64,1391.25,1544.94,1353.19,1865.21,1737.53,1539.53,1791.93,1453.65,1755.12,1295.94,1464.92,1602.81,1717.96,1475.22,1430.29,1818.78,1692.6,1757.23,1645.01,2018.4,1701.58,1681.48,1600.71,1522.16,1665.67,1771.04,1818.47,1295.08,1543.13,1455.28,1629.65,1698.64,1660.52,1744.02,1588.98,1446.67,1529.39,2023.76,1754.46,1820.17,1857.8,1213.23,1466.94,1372.39,1529.21,1642.89,1698.06,1534.74,1642.7,1431.93,1771.4,1661.3,1663.37,1431.73,1707.61,1600.3,1498.06,1717.59,1526.04,1710.41,1323.52,1764.29
CHL,Chile,1599.28,1620.59,1308.84,1626.74,1660.37,1402.01,1435.17,1449.72,1453.36,1449.99,1330.97,1560.66,1190.1,1453.56,1289.65,1578.89,1291.67,1389.65,1352.13,1461.37,1437.91,1504.67,1482.13,1350.55,1453.93,1691.51,1365.33,1533.93,1350.63,1534.32,1747.47,1575.46,1591.16,1495.68,1557.25,1553.71,1694.85,1572.63,1358.5,1516.38,1568.23,1528.4,1483.9,1575.71,1534.26,1423.84,1473.11,1627.1,1349.23,1336.33,1480.91,1584.86,1625.55,1563.38,1508.04,1510.86,1681.63,1386.75,1480.04,1655.72,1516.26,1494.45,1598.44,1476.68,1578.87,1554.18,1183.06,1729.22,1557.24,1451.85,1486.43,1297.33,1414.47,1555.91
CHN,China,910.38,967.79,968.67,893.62,974.23,862.13,825.61,824.82,837.14,819.31,838.15,925.43,851.46,857.18,941.91,860.15,841.85,865.29,846.6,836.77,833.85,842.52,851.95,906.58,834.86,875.19,836.86,837.54,789.5,812.73,838.32,863.35,852.73,910.96,846.46,874.86,803.95,877.99,830.13,840.34,901.51,852.96,839.15,895.29,884.36,853.5,869.2,836.41,945.47,846.99,850.09,798.8,853.59,819.25,764.56,798.67,740.34,746.12,782.84,720.61,835.71,691.11,822.87,773.16,767.95,802.99,858.7,777.2,796.81,767.8,830.21,821.23,765.14,757.72
CIV,Côte d'Ivoire,1198.72,1223.79,1338.38,1188.7,1179.54,1198.58,1281.12,1577.79,1064.52,1228.57,1231.43,1048.04,1335.69,1464.34,1086.97,1254.17,1218.72,1399.83,1849.47,1485.08,1340.32,1582.64,1427.32,1416.19,1343.74,1265.68,1326.29,1256.84,1394.33,1631.21,1546.1,1295.36,1271.68,1085.28,1532.21,1488.36,1310.81,1443.79,1516.84,1435.87,1331.92,1389.87,1280.5,1382.37,1276,1501.71,1353.56,1241.58,1312.55,1425.66,1155.77,1110.48,1258.66,1345.46,1218.3,1250.55,1162.2,1331.9,1385.73,1235.83,1373.35,1200.7,1264.74,1145.01,1322.12,1153.33,1204.15,1270.67,1446.9,1448.49,1152.27,1265.8,1250.88,1161.98
CMR,Cameroon,1395.37,1936.15,2043.44,1856.67,1683,1791.05,1855.3,1754.44,1641.97,1469.13,1797.31,1633.82,1706.5,1477.09,1248.71,1344.2,1445.16,1988.84,1885.39,2112.7,1917.25,1890.84,1716.45,1998.15,2018.48,1895.94,1951.92,1708.03,1888.89,1927.83,2111.58,1951.68,2014.36,1659.01,1870.05,2091.28,1937.22,1832.43,2045.1,1727.42,1917.16,1829.55,1883.42,1968.35,2096.2,1999.06,1875.16,1787.06,1742.62,2006.09,1803.57,1681.92,1733.4,1704.82,1741.73,1593.05,1545.94,1764.19,1639.45,1712.82,1634.85,1611.7,1691.06,1734.91,1795.21,1638.41,1806.99,1711.44,1664.44,1910.41,1624.95,1608.75,1566.45,1728.3
COD,Democratic Republic of Congo,1717.39,2006.14,2203.07,2281.7,1704.65,1945.14,1941.39,1978.07,1947.86,2069.68,2095.78,2218.57,2200.21,1977.84,1866.99,1878.67,1891.49,2244.35,2003.88,2120.78,2019.42,1910.03,2085.28,1875.5,1941.77,2005.05,2120.2,2049.67,1975.18,2064.99,1933.16,1899.46,1956.94,1767.9,1824.71,1936.59,2048.25,1984.56,2021.43,1782.07,1869.76,1893.57,1831.33,1858.36,1964.64,1832.08,1825.93,1890.15,1772.64,1837.2,1662.25,1585.33,1622.57,1522.82,1553.71,1582.7,1685.21,1589.79,1550.06,1656.87,1615.37,1556.81,1526.79,1444.19,1445.33,1499.63,1471.09,1542.53,1522.23,1563.08,1530.45,1374.6,1458.8,1572.45
COG,Congo,1424.56,1818.9,2005.69,1785.32,1568.2,1528.86,1445.24,1322.46,1305.99,1649.88,1810.34,1830.55,1665.96,1510.44,1328.17,1544.58,1615.13,2294.27,1745.56,1868.17,1793.62,1722.52,1657.32,1849.16,1775.65,1709.83,1757.75,1805.99,1586.66,1772.75,1817.95,1677.55,1749.74,1497.42,1762.88,1821.57,1850.58,1801.53,1987.42,1639.32,1731.88,1636.34,1641.73,1728.61,1836.73,1820.5,1663.15,1660.65,1598.68,1824.08,1627.04,1389.01,1559.98,1538.1,1420.34,1404.78,1491.31,1529.72,1463.44,1546.22,1422.84,1471.23,1493.31,1353.27,1493.23,1360.26,1455.85,1545.94,1453.11,1613.05,1584.4,1446.66,1402.4,1571.33
COK,Cook Islands (N.Z.),1651.48,1802.72,1778.01,1879.24,1842.6,2036.87,1630.74,1808.05,1532.23,2000.32,1748.82,1670.41,2146.71,1688.67,2213.28,1747.38,1709.39,2119.46,1720.54,1588.23,1800.21,1576.77,1659.3,1647.63,1902.84,1466.49,1696.19,2014.92,1852.02,1522.42,1693.97,2243.78,1206.16,1164.79,1743.5,1852.75,2081.92,1758.18,2157.32,1870.35,1475.56,1597.95,1396.85,1550.92,1958.81,1893.62,1618.04,1340.54,1226.92,2157.04,1540.62,1863.93,1510.06,2116.54,1620.89,2016.33,2155.95,2023.2,1702.33,1877.18,1722.36,1701.13,1722.72,1313.83,1702.92,1744.64,1829.63,1818.46,2102.63,2192.6,1955.42,1788.25,1843.88,1718.71
COL,Colombia,3494.84,3452.89,3163.18,3112.45,3223.15,3378.8,3573.37,2926.2,3430.87,3178.5,3129.44,3020.96,2986.72,2955.31,3185.49,2977.24,3188.3,3262.46,3477.41,3472.79,3643.06,3828.12,3421.61,3800.34,3529.93,3757.61,3293.7,3360.19,3586.09,3472.8,3124.02,3481.53,3277.88,3201.34,3472.99,3204.55,3566.99,3489.83,3617.91,3466.12,3439.92,3498.7,3327.29,3602.34,3633.05,3418.11,3503.22,3080.43,3704.75,3576.52,3600.71,3285.53,3279.42,3413.92,3246.49,3242.35,3349.71,3419.42,3414.48,3309.34,3628.25,3572.56,3325.1,3349,3335.75,3217.18,3377.92,3101.08,3165.43,3101.09,3039.15,3347.09,3273.71,2918.9
COM,Comoros,1222.42,999.01,1069.45,2022.44,1188.53,1302.78,1289.44,1525.9,1242.99,1307.78,1366.57,1628.38,1554.43,1324.85,1121.74,1322.55,888.15,1191.63,1224.77,1250.47,1301.76,1751.65,1545.65,1484.94,1343.67,1298.5,1477.87,1222.73,1409.97,1273.89,1652.06,1155.29,1271.79,1427.53,1234.14,1262.96,1466.17,1012.73,1172.23,1689.86,1058.7,1599.66,811.51,1217.2,1438.93,1001.36,1337.71,891.2,1095.59,1001.76,874.87,1003.81,1365.46,1012.57,1332.95,1048.96,1615.53,957.23,1379.39,1065.56,931.73,1161.08,1244.57,1211.16,1157.43,1230.1,1517.7,1276.73,1171.52,1329.77,1194.86,1013.01,1060.62,972.2
CPV,Cabo Verde,313.89,196.76,281.25,273.58,182.28,249.63,343.12,214.98,182.62,82.43,142.86,163.59,160.1,132.05,142.96,183.34,189.02,300.67,109.2,178.41,139.13,141.8,68.84,164.16,114.69,175.95,169.05,35.26,117.08,110.37,206.44,83.41,120.82,63.58,105.52,136.23,135.88,135.96,172.01,146.68,165.25,82.96,62.99,98.37,84.68,126.78,134.38,87.79,99.66,246.59,192.23,115.51,90,151.03,134.42,155.6,142.83,107.21,195.04,214.43,304.25,150.38,194.35,254.46,106.95,237.42,254.79,63.29,90.14,96.15,189.52,111.54,150.13,178.78
CRI,Costa Rica,4012.7,3373.42,3271.13,3389.43,3556.22,4149.12,4001.75,2845.94,3629.73,2393.97,2912.66,2567.22,3354.48,3183.02,2875.3,3115.01,3464.8,3234.01,3399.04,3980.3,4481.86,3753.26,3397.32,4144.35,3547.23,4094.66,3142.41,2934.94,3508.78,3641.57,3292.57,3766.17,2921.16,2732.2,2966.26,2902.14,3036.1,3099.42,3486.72,2885.66,3126.83,2752.43,2677.35,3278.75,2665.08,3944.48,3746.33,2646.31,3370.63,3903.73,3359.47,3335.53,3156.35,3479.08,3640.18,3439.94,3085.8,3789.11,4004.52,3339.27,4897.4,3681.93,3060.71,3143.81,3243.88,2908.2,3407.09,3529.94,3068.73,2885.65,3631.12,3231.5,3702.66,2887.63
CUB,Cuba,918,813.97,953.56,929.67,1064.73,795.45,698.43,934.67,1026.51,825.61,1233.02,917.55,810.42,1286.91,1096.82,763.49,1116.37,779.74,1138.58,1238.18,893.29,941.03,1158.29,1090.51,848.36,835.29,998.93,1081.06,1252.01,1162.31,1043.59,885.43,943.77,1182.04,931.19,1037.55,821.92,1124.73,1173.43,911.78,938.31,1005.7,922.26,1069.11,984.34,1041.49,1020.05,822.24,935.21,1030.55,723.42,867.01,959.59,874.72,630.77,1143.2,989.06,1265.94,961.83,823.76,1016.54,960.5,1049.32,938.31,911.83,870.02,903.09,1195.2,1043.97,947.27,1090.3,773.46,871.87,937.23
CUW,Curaçao (Neth.),1578.15,932.88,835.75,820.25,1045.33,1124.33,1157.48,614.14,768.85,674.87,733.85,865.15,663.27,676.67,810.37,781.58,980.68,788.74,783.62,937.04,1172.33,682.51,768.77,1276.53,1107.24,1073.41,729.04,755.64,944.49,969.79,838.86,1147.18,772.86,703.73,966.09,1166.77,923.82,782.58,1333.19,769.93,1047.79,747.16,739.46,741.16,643.34,870.08,825.81,570.06,822.96,1256.93,1022.03,697.13,771.54,893.48,1266.02,1111.65,832.95,875.54,1235.13,693.36,1746.59,1317.62,892.34,690.11,571.42,440.69,908.8,800.19,732.32,419.24,705.77,751.01,1000.7,596.33
CXR,Christmas Island (Aus.),1113.33,1124.52,999.59,450.98,1442.11,1348.38,1225.24,1053.17,1179.88,972.48,1241.25,1052.05,1254.75,1443.08,1007.84,577.19,1051.94,772.17,1462.65,722.86,1287.41,1089.76,879.8,1742.41,1296.2,1800.95,693.65,1094.96,1729.87,972.46,1466.05,1811.2,1138.25,1835.06,1888.06,1504.83,1006.05,845.12,925.2,1409.26,1182.36,914.98,1688.18,1224.28,1053.28,1696.15,938.16,968.37,2257.76,1266.97,1708.18,1377.48,1095.58,901.28,1206.67,1031.39,1192.54,1208.38,1131.38,1120.78,2713.58,1788.31,1827.39,1724.33,1427,1108.29,2900.54,1651.41,1154.6,998.88,1350.42,2393.57,1993.59,951.66
CYM,Cayman Islands (U.K.),1043.19,964.12,1079.02,1256.8,1089.66,880.27,626.66,801.88,1181.22,1038.4,1157.76,1368.12,903.43,1031.56,1421.77,896.65,1403.01,965.44,1419.62,1319.31,1157.32,1150.92,1231.16,1016.84,975.73,831.62,984.32,1084.62,1156.91,1263.23,1109.61,1053.23,945.84,1054.9,883.1,721.68,814.53,866.99,1246.57,732.23,998.73,795.36,719.78,978.59,758.44,1072.62,1324.24,741.14,1055.69,1290.69,869.64,1099.2,1206.83,865.54,862.04,1503.65,997.59,1241.73,1295.85,787.62,1200.55,1037.96,998.77,1024.18,830.61,899.64,848.94,1381.42,1011.62,788,1365.65,734.7,842.2,806.34
CYP,Cyprus,390.47,432.91,430.46,439.7,581.27,366.87,336.04,444.27,303.8,290.42,286.65,399.33,366,360.16,411.9,435.03,476.17,541.32,547.82,482.55,350.25,476.66,503.63,230.04,480.8,462.53,416.35,385.91,438.96,422.12,326.07,486.38,327.34,372.67,414.1,395.32,357.65,386.48,465.78,291.53,214.1,544.79,383.21,281.83,489.38,230.01,419.65,361.25,340.78,256.18,397.1,426.42,365.41,434.26,428.39,287.6,340.75,338.48,220.98,465.78,300.91,432.66,585.5,300.98,353.35,401.79,290.79,303.88,455.47,632.55,450.36,315.23,356.83,374.19
CZE,Czech Republic,630.19,603.91,724.86,540.65,782.11,740.16,746.29,733.63,802.02,627.44,815.13,756.91,701.32,732.87,795.52,938,951.8,841.71,806.05,702.53,873.42,760.84,774.18,663.45,896.75,763.01,722.3,879.39,769.08,875.92,825.62,988.83,656.56,700.35,798.12,797.82,796.07,891.88,817.29,716.55,682.76,689.56,698.73,748.91,753.03,940.52,791.48,820.52,832.21,758.46,805.31,903.19,958.53,587.78,772.58,869.33,782.28,847.27,774.31,859.95,962.08,694.16,803.73,825.24,789.73,665.8,793.91,806.7,633.94,754.03,880.56,880.22,844.9,883.67
DEU,Germany,791.88,760.51,829.78,641.4,887.56,779.48,854.31,799.88,911.98,590.22,895.71,883.1,763.52,725.66,731.59,1071.8,1028.34,950.08,915.98,832.6,1001.24,713.13,800.02,819.59,976.07,770.06,682.28,920.5,883.81,910.31,939.07,1080.57,801.19,874.52,912.34,848.13,954.82,976.33,967.58,773.19,847.94,721.2,847.55,961.25,945.57,932.06,752.48,802.15,997.58,919.65,918.58,1010.07,1063.64,638.19,863.05,844.82,818.2,1037.24,871.47,901.1,971.99,794.31,895.98,909.5,859.13,804.41,838.37,954.83,663.27,853,822.78,988.48,825.59,1034.85
DJI,Djibouti,1127.63,717.94,765.6,875.31,453.83,398.17,377.44,355.5,239.89,290.36,313.48,283.12,206.04,226.58,169.73,202.78,139.04,341.82,318.01,169.21,198.04,263.43,292.95,193.89,320.86,340.04,251.82,446.61,326.99,349.84,153.29,266.87,369.83,260.97,206.77,331.68,279.64,206.88,291.95,303.59,183.61,148.76,241.04,226.22,192.77,248.73,279.47,247.66,348.35,214.05,282.16,230.8,201.21,233.4,195.94,200.92,278.72,172.21,109.35,111.87,253.53,198.23,112.42,225.21,202.37,159.4,241.07,150.51,182.05,229.88,253.41,189.49,173.04,196.71
DMA,Dominica,1326.3,1373.1,1049.11,1000.05,1219.22,1096.86,1117.2,1075.54,1309.7,960.94,1204.27,1513.41,1324.36,1327.42,1212.71,1019.82,1260.55,1051.82,857.6,951.23,1053.06,816.28,1110.27,1072.03,1237.68,1143.36,1001.87,1165.83,1074.23,1365.45,1060.61,1222.93,1192.85,1000.31,1072.78,1082.38,975.87,1318.71,1240.06,931.8,1080.48,950.28,1004.73,982.02,910.89,1118.89,1180.9,921.86,1301.18,1035.73,933.65,883.46,928.26,1050.08,1422.19,1562.74,1144.17,1052.65,1231.75,955.02,1386.51,1773.49,1229.22,1232.17,983.5,857.74,1237.95,1191.93,1023.19,1049.15,1106.85,862.92,1093.94,1126.24
DNK,Denmark,876.92,799.59,700.96,680.3,861.53,575.15,627.88,667.46,775.18,571.24,831.83,736.09,780.91,761.97,653.18,781.76,897.75,858.5,820.75,692.42,841.51,725.86,782.41,690.65,790.06,613.5,602.51,777.72,747.8,858.17,923.38,879.91,761.81,815.88,779.15,836.64,739.62,795.26,857.73,630.05,848.03,679.91,680.58,797.24,850.36,692.26,563.65,672.53,908.45,935.85,845.7,842.57,874.57,664.77,840.28,706.33,862.13,917.78,816.92,791.7,777.58,805.75,878.55,736.11,853.2,963.66,756.43,930.34,646.96,943.32,838.79,821.51,791.13,993.69
DOM,Dominican Republic,1163,1200.62,1010.54,1035.59,1224.83,1181.06,1043.16,871.49,1099.68,913.98,1293.21,1187.35,926.44,1333.59,946.12,929.47,1014.42,653.33,883.46,1139.51,1081.04,1012.58,1104.67,1147.49,1321.92,973.35,837.34,1142.76,1231.93,1591.55,1172.36,1337.95,1083.66,1176.86,1137,1120.98,1319.33,1483.37,1273.67,980.17,1190.46,873.78,1227.64,1235.4,879.2,958.54,1175.59,780.04,1249.33,1161.31,858.83,936.48,859.26,1093.34,1094.59,1379.6,1049.02,1337.98,1120.48,1028.39,1331.91,1220.44,1253.49,982.01,809.69,773.22,1278.14,1327.49,886.61,885.53,1003.96,915.34,940.96,982.18
DZA,Algeria,58.7,98.62,60.27,86.91,69.44,72.24,65.14,100.78,76.31,57.66,67.3,42.24,67.83,69.69,72.07,110.74,59.61,84.46,65,115.79,55.57,99.73,131.09,85.64,72.12,79.78,111.04,65.19,58.49,88.57,90.16,52.1,88.15,35.12,63.11,75.39,81.41,59.36,72.49,57.91,82.63,78.76,68.16,56.38,79.08,65.99,87.61,67.46,54.15,73.98,40.6,44.65,56.29,86.55,86.71,66.66,82.39,64.29,77.3,87.25,64.67,82.42,73.87,67.72,73.58,70.87,62.72,57.79,89.45,71.19,50.67,47.6,42.63,41.58
ECU,Ecuador,2496.08,2879.84,2565.21,2865.94,2490.99,2544.46,3113.75,3195.24,3571.61,3097.74,2428.94,2719.74,2512.27,2332.64,2944.19,3005.88,2776.57,2710.78,2758.39,2911.11,2829.44,3213.84,3224.16,3214.99,2909.31,3252.27,3316.89,2759.61,2656.92,2653.49,2774.19,2765.63,3439.78,4186.79,3044.46,2555.44,3169.18,3390.55,2865.65,2969.03,2837.89,3008,3348.61,3229.38,3231.36,3063.05,2845.81,4171.58,4226.89,3333.14,3176.62,3092.94,3228.42,3007.3,2782.06,2645.85,2983.29,2841.97,3160.85,2987.48,3005.11,2940.16,3358.4,2996.54,3189.84,3387.57,3176.72,3591.37,3273.85,3587.58,2854.41,3295.62,2894.95,3368.44
EGY,Arab Republic of Egypt,13.2,11.84,8.49,14.77,10.29,6.09,10.54,14.29,4.9,6.76,11.14,14.17,7.07,34.61,49.33,33.29,144.12,79.09,12.33,21.79,7.6,19.59,19.28,6.23,16.7,17.62,8.83,8.6,8.27,11.25,12.27,5.85,15.04,10.78,7.63,28.2,11.53,11.27,24.04,8.49,12.19,21.56,14.91,13.75,23,9.63,13.91,13.32,9.28,8.62,11.54,6.65,9.41,7.02,9.08,10.18,8.98,8.18,10.61,6.11,9.61,12.29,9.54,8.88,13.63,16.03,9.85,7.45,14.66,15.68,28.01,11.63,10.79,11.74
ERI,Eritrea,1000.03,586.86,758.88,894.67,507.13,422.32,511.5,395.77,382.98,485.13,353.07,543.6,349.94,384.21,367.74,377.25,221.65,363.78,395.91,342.27,330.67,434.09,454.12,396.29,533.25,480.95,414.8,497,504.23,482.1,317.13,372.23,465.76,370.5,271.16,493.45,441.79,421.19,485.46,359.36,216.19,290.86,393.52,340.15,391.17,423.64,430.98,428.08,370.98,330.67,283.76,329.51,303.01,374.74,307.36,343.73,411.02,345.41,256.71,241.57,330.2,272.53,263.02,307.33,340.82,237.23,373.85,285.32,364.76,404.56,289.12,220.13,250.36,209.57
ESP,Spain,514.05,757.72,594.68,510.42,524.2,679.95,634.56,597.65,656.47,765.3,895.6,660.29,686.64,845.12,575.9,709.98,752.38,646.46,684.6,893.31,640.88,887.65,994.22,620.54,653.78,680.75,731.37,787.91,649.39,804.42,601.55,609.7,645.82,611.3,722.73,645.94,632.01,754.37,655.02,771.47,564.76,584.17,600.23,607.64,524.58,585.55,851.77,807.48,552.37,617.8,657.37,648.13,692.23,745.05,594.04,474.8,660.22,579.68,710.93,646.57,814.71,573.56,575.76,732.81,709.71,542.16,705.44,495.97,831.33,623.2,679.05,663.26,641.7,585.08
EST,Estonia,694.94,545.72,788.81,561.37,745.89,609.45,699.39,808.55,661.21,586.32,724.17,720.99,877.98,650.96,582.09,656.22,759.47,757.59,690.86,633.14,707.24,728.4,807.31,795.11,803.81,672.22,624.51,805.93,866.31,746.52,759.88,941.78,662.93,808.09,776.41,824.19,759.75,800.61,858.72,784.76,869.28,757.51,647.86,752.27,726.09,750.34,619.86,707.34,821.18,671.9,763.32,805.88,606.35,707.95,788.58,643.3,588.91,776.04,924.51,809.16,831.12,718.4,939.34,637.98,710.08,692.61,807.85,836.36,586.53,776.05,794.03,764.49,680.39,790.73
ETH,Ethiopia,1582.15,1548.66,1568.14,1593.89,1104.08,1083.86,1068.15,1165.98,1109.7,1181.82,1345.94,1243.77,1171.22,1280.73,867.6,817.28,814.49,1308.74,1077.11,966.34,1069.04,1097.67,1107.53,989.01,1028.79,1140.07,1113.14,1331.2,1158,1231.09,996.9,1102.49,1111.26,1085.76,895.99,1239.13,1104.43,1082.65,1059.85,1061.82,983.67,960.65,967.91,1012.82,1017.85,998.4,1148.75,1193.52,1010.16,911.91,931.02,988.67,915.66,935,960.36,1010.81,1120.72,957.03,910.62,810.37,1060.68,942.28,940.93,1052.67,1025.64,931.52,957.99,952.22,1048.85,1137.43,1027.44,815.75,783.28,1037.62
FIN,Finland,606.49,627.89,696.61,654.1,776.45,623.89,526.22,759.93,549.91,589.39,600.8,727.28,737.98,602.97,621.31,702.86,701.34,760.59,654.08,582.76,679.94,688.5,737.85,674.54,893.13,664.68,563.96,747.03,561.06,739.95,613.84,838.65,672.65,749.34,714.18,669.54,699.02,658.43,730.56,725.38,651.38,730.15,780.14,652.22,634.31,675.61,638.51,606.22,800.38,669.35,752.11,659.21,566.68,622.59,747.16,711.73,607.77,748.83,793.86,608.82,652.02,754.36,850.7,690.95,679.76,830.73,768.46,771.76,613.38,767.52,832.1,771.67,727.88,823.47
FJI,Fiji,2330.63,2490.65,2275.47,2230.85,2872.8,2851.72,2927.23,2334.03,2034.23,2340.52,2559.75,2195.48,2176.52,2776.49,2325.21,2033.48,1806.88,2122.51,2096.37,1863.34,2395.72,2253.64,2611.05,2350.79,2757.91,2952.32,2345.52,2336.77,2102.68,2165.93,2180.3,2208.47,2716.95,1848.03,2216.92,2040.24,2284.46,1314.2,2315.02,2152.57,2218.18,2043.77,1838.76,1730.65,1720.24,1667.91,2161.13,2443.59,1389.39,2840.99,2620.61,2015.28,2217.08,1864.74,2000.09,2149.55,1930.13,2690.25,2475.61,2550.57,2193.03,2572.31,3198.86,2341.99,1843.88,1790.04,2439.65,2367.51,2536.21,2784.73,2733.96,2810.24,2888.02,2305.13
FRA,France,852.2,1005.87,948.34,628.54,857.71,815.19,815.3,829.82,1072.62,842.52,1066,819.67,822.49,930.29,793.47,1155.92,1082.04,901.7,1047,1020.29,1018.43,968.1,1055.6,881.82,1059.7,912.15,882.58,1096.55,984.47,1121.47,1005.28,1176.13,1050.89,996.7,1058.28,831.93,1040.48,1008.57,1026.01,742.06,866.16,784.3,962.65,977.55,1082.87,982.79,963.56,872.54,896.54,1106.97,1062.89,1030.69,1028.71,832.75,869.57,784.5,934.01,928.99,1040.95,896.6,956.45,787.09,968.35,1057.05,1033.13,799.73,969.76,853.79,1028.51,988,928.4,1010.61,847.36,1008.01
FRO,Faroe Islands (Den.),1109.13,1133.01,1002.47,1173.68,1143.49,895.61,1001.56,1136.79,1066.73,1161.29,988.75,1064.92,1174.7,954.72,1090.47,975.41,1060.92,1265.74,944.35,1083.2,1100.33,1190.69,1129.19,1155.89,1126.55,960.45,1084.39,1015.2,1039.92,1219.78,1035.57,1207.58,1255.32,1173,1090.76,948.41,1162.28,1029.56,1127.66,1103.55,1184.71,1103.99,1232.52,1126.76,1105.81,1124.67,1044.44,1147.77,1226.54,1145.55,1089.46,949.12,978.48,1039.8,1133.65,1171.38,1225.89,1237.85,1214.46,1164.55,882.28,1212.11,1050.42,1117.52,1178.67,1401.32,1059.44,1120.67,1056.31,1012.37,1096.42,983.85,1326.91,1041.52
FSM,Federated States of Micronesia,2733.74,3029.13,3221.9,3470.69,3579.79,3908.73,3425.26,3003.54,2986.16,3160.75,3037.99,3423.55,3455.78,3520.49,2905.96,3168.85,2639.64,3049.81,2527.09,2707.69,2314.09,2798.43,3312.79,3165.3,3389.6,3026.18,3824.58,3010.01,2795.93,3356.84,4308.04,3255.88,3323.77,2357.69,2818.94,3373.97,3430.56,3112.94,2765.28,3343.73,3095.14,3456.05,2258.15,4062.94,3329.99,3109.75,3597.69,3133.13,2129.75,3483.44,3805.66,3536.61,3829.49,3681.52,3622.57,3635.94,3321.46,3367.15,3540.47,3376.28,3071.48,4171.1,3536.73,3071.54,3547.43,3400.7,2647.18,3602.74,3604.38,3441.12,3557.22,3863.73,4356.82,4450.54
GAB,Gabon,1812.24,2188.41,2229.41,1947.97,1880.32,1657.4,1720.99,1482.44,1450.6,1839.41,2251.9,2356.6,1906.7,2058.33,1712.77,1820.15,2054.77,2560.09,1980.04,1775.47,2105.4,1978.25,1950.03,2289.27,2241.81,2173.07,2122.53,2203.02,1825.25,2120.26,2211.28,2056.63,2070.94,1795.67,2329.16,2144.12,2076.65,2094.8,2427.41,2110.26,2126.71,1969.89,1872.01,2084.09,2212.43,2217.4,2166.95,2118.41,2074.55,2350.51,2074.92,1879.65,2053,2090.42,1974.72,1745.07,1963.63,2088.37,2070.78,2008.51,1815.33,1934.57,2063.63,1852.99,1973.1,1827.87,2013.34,2104.83,2107.62,2300.09,2210.07,2150.67,1996.92,2099.05
GBR,United Kingdom,984.29,1018.65,890.69,850.68,1081.96,735.47,859.82,895.76,956.45,816.26,991.4,872.96,860.12,856.51,812.61,984.33,985.86,1027.93,1011.06,897.86,1012.06,897.34,962.26,837.72,1080.37,862.88,888.14,997.97,984.94,1076.87,1087.3,1084.95,1105.55,1008.62,978.28,1048.47,1120.12,1008.7,1060.97,958.92,1042.98,913.32,1086.91,1035.7,1076.51,921.25,875.4,950.38,1168.2,1125.19,1217.78,976.83,1133.5,845.18,1072.09,967.06,1051.73,1072.45,1157.95,1078.21,874.6,1024.9,1222.37,975.31,1175.59,1134.1,996.19,1022.85,972.49,1142.66,1178.74,1061.31,1030.79,1176.58
GEO,Georgia,1243.01,1400,1120.04,1479.19,1094.29,1251.48,1309.31,1057.22,1340.72,1321.01,1278.62,1282.11,1191.46,1654.95,1318.2,1346.25,1154.33,1529.25,1303.21,1135.64,1435.96,1247.2,1363.96,1314.93,1067.41,1288.93,1257.08,1281.84,1486.01,1311.72,1315.84,1404.87,1374.27,1480.4,1147,1271.04,1208.85,1623.4,1599.53,1470.04,1297.72,1252.01,1401.91,1242.21,1263.63,1340.29,1275.37,1370.22,1137.86,1323.46,1059.21,1282.76,1368.99,1252.09,1302.38,1499.61,1403.61,1365.46,1228.32,1329.43,1325.4,1329.69,1223.37,1316.02,1276.74,1222.65,1490.91,1288.46,1279.94,1052.7,1084.68,1320.15,1215.8,1482.16
GGY,Guernsey (U.K.),953.97,1004.35,960.2,620.99,768.36,676.54,693.79,764.62,890.77,788.39,1140.12,760.46,703.72,751.89,719.76,924.4,994.94,923.29,819.72,972.21,903.05,761.48,929.59,744.9,1130.06,740.44,834.62,938.85,987.88,989.49,963.09,1068.92,1065.64,769.95,954.81,867.25,1006.35,836.4,869.51,703.87,843.74,750.73,889.41,1029.47,1031.67,905.33,828.63,858.84,1028.73,1069.54,1124.08,985,1022.2,833.67,868.26,803.1,847.7,905.84,1000.03,1017.44,947.67,745.94,1147.25,958.24,1158.71,925.97,942.59,927.8,895.57,1097.82,1146.58,983.2,980.45,1142.92
GHA,Ghana,1080.51,1183.19,1075.68,973.58,983.78,1115.78,1047.33,1416.57,854.08,1076.99,1150.43,859.71,1211.45,1235.88,903.6,1104.08,1031.63,1243.75,1642.1,1191.66,1200.12,1407.52,1238.3,1219.76,1187.85,1112.27,1172.92,1052.99,1188.99,1390.99,1390.37,1162.81,1159.15,868.19,1303.12,1381.74,1232.42,1285.64,1442.89,1352.87,1106.24,1300.57,1093.31,1253.09,1191.07,1282.31,1144.98,1108.83,1063.5,1343.66,1002.7,886.26,1119.62,1140.32,957.97,1022.82,985.2,1118.65,1110,1071.4,1162.42,1052.34,1132.49,998.24,1193.97,976.74,1209.41,1120.45,1338.44,1335.04,1014.24,1052.25,1093.49,1171.78
GIB,Gibraltar (U.K.),538.9,692.56,557.11,820,466.08,1011.9,844.22,764.87,558.34,555.29,976.5,925.75,926.98,1262.15,708.18,731.8,558.94,706.48,701.94,1178.94,974.55,991.01,1218.51,628.39,451.97,659.01,766.79,697.12,623.19,820.92,585.61,454.39,621.7,695.54,569.08,642.88,533.53,889.13,597.16,1399.09,784.86,729.29,546.46,753.1,420.39,569.35,1335.6,904.89,472.85,542.63,747.5,650.07,625.92,840.09,615.05,482.96,692.92,567.91,917.41,702.95,1401.48,733.82,577.15,540.84,524.14,510.8,690.32,488.87,852.41,339.97,584.76,578.04,599.16,357.93
GIN,Guinea,1808.65,2114.1,1917.39,1899.77,2014.01,1874.46,1930.27,2125.62,1960.34,1834.38,1734.95,1709.39,1866.24,1751.78,1748.43,1688.84,1774.75,2062.71,1994.1,2212.85,1853.62,2040.39,2125.47,1911.75,1700.57,1833.8,1926.58,1715.12,2049.77,2254.02,1980.24,1977.76,1834.7,1658.04,1826.73,1758.21,1733.36,1774.86,1744.36,1922.99,1745.83,1763.18,1762.17,1888.05,1899.55,1720.14,1749.92,1634.33,1580.05,1771.45,1778.74,1589.85,1538.78,1731.63,1663.09,1690.51,1559.56,1566.42,1701.93,1702.04,1753.15,1561.2,1733.51,1562.82,1571.09,1683.2,1678.62,1685.34,1808.34,1765.12,1771.06,1600.05,1713.34,1495.09
GLP,GLP,1118.19,1132.58,876.63,885.08,1047.14,970.67,982.35,942.29,1091.61,829.5,1037.58,1303.64,1053.39,1124.83,973.32,872.42,994.37,934.21,767.94,854.12,929.63,778.7,1011.69,973.72,1182.6,964.42,921.52,1067.75,1016.23,1312.62,864.27,1086.93,1084.22,936.1,991.95,1058.6,950.88,1231.84,1131.39,1010.82,1107.19,866.66,1013.02,973.42,825.33,1111.08,1135.64,887.72,1275.43,1085.97,845.95,834.17,882.57,956.78,1391.99,1374.61,1211.84,994.67,1137.12,932.07,1224.14,1561.68,1221.93,1165.63,981.19,844.05,1143.83,1237.49,927.93,887.58,1020.91,824.25,1038.78,1150.65
GMB,The Gambia,931.6,1147.06,896.04,895.66,1095.73,1189.85,938.45,1021.69,1020.06,698.6,799.89,1036.17,905.13,1002.5,956.52,997.49,914.93,1180.25,661.5,1061.61,743.93,926.77,757.25,704.94,733.84,840.49,805.79,550.92,993.79,847.81,674.16,758.06,682.11,667.2,614.1,770.41,781.09,833.47,836.93,907.22,724.19,682.81,696.61,751.3,871.26,844.38,822.7,673.26,562.46,836.38,746.75,684.02,465.56,744.39,537.55,634.83,585.13,516.61,825.94,761.29,849.51,585.52,845.16,815.62,556.82,721.83,681.97,641.09,726.07,650.83,936.97,732.14,905.07,649.59
GNB,Guinea-Bissau,1745.36,1793.91,1716.94,1624.75,1895,1835.7,1752.53,1775.61,2073.41,1460.3,1305.71,1703.74,1588.11,1635.63,1655.14,1560.42,1627.56,1833.46,1237.1,1796.01,1418.52,1679.2,1647.49,1462.21,1560.85,1578.68,1542.67,1057.64,1567.92,1639.29,1249.08,1392.28,1337.05,1287.9,1272.27,1329.71,1436.32,1446.26,1316.88,1366.21,1283.04,1368.34,1270.15,1339.12,1398.62,1323.19,1297.67,1207.69,1099.29,1467.49,1319.38,1299.85,946.79,1427.88,1129.83,1134.49,1050.99,1050.91,1385.84,1245.22,1336.41,1126.25,1411.71,1306.32,1091.17,1519.29,1439.79,1254.47,1620.42,1242.85,1744.66,1250.84,1486.65,1226.38
GNQ,Equatorial Guinea,2473.93,3120.68,2923.12,2795.63,2710.56,2611.16,2745.31,2431.82,2383.65,2400.73,3056.54,2997.08,2701.41,3029.18,2676.59,2845.37,2980.87,3675.86,3000.63,2854.57,3225.9,3193.55,2939.33,3308.96,3293.2,3052.5,3041.94,3123.82,2982.43,2911.61,3156.44,3027.86,3080.16,2620.3,3317.98,3291.99,3002.34,3079.85,3394.75,2876.79,2986.84,2793.95,2529.21,3056.95,3095.63,2907.67,2945.98,2910.88,3077.39,3523.71,3164.87,2705.99,2975.8,3264.63,3046.42,2422.07,2866.63,3066.14,2968.52,2976.62,2626.81,2777.22,2975.83,2659.5,3037.03,2627.25,3063.25,3039.06,3016.86,3308.22,3003.63,2999.45,2693.42,2910.15
GRC,Greece,685.63,783.64,763.74,788.63,944.54,947.55,896.17,807.36,681.95,796.53,885.64,668.19,976.81,983.05,876.5,762.29,1005.95,815.17,964.17,855.48,774.08,968.5,1042.96,867.1,853.83,747.99,900.8,541.44,879.52,986.88,865.37,825.33,811.68,743.31,720.39,730.38,715.26,849.35,688.25,560.66,591.2,761.57,569.7,623.14,764.11,791.06,857.11,708.7,785.7,791.94,519.78,696.26,895.83,866.02,772.25,834.49,787.99,707.17,593.96,964.69,943.41,690.95,862.63,773.37,924.68,881.15,776.34,797.74,917.7,874.09,741.43,924.36,774.83,857.28
GRD,Grenada,1766.07,1745.83,1211.92,1382.48,1621.72,1444.31,1627.37,1317.67,1654.71,1323.67,1599.06,1658.12,1461.41,1422.75,1543.23,1206.05,1408.5,996.3,975.13,1046.25,960.63,1022.78,1162.03,1349.43,1183.06,1292.21,1058.01,1166.03,1190.03,1255.29,1176.74,1402.49,1208.49,1240.08,1425.91,1352.94,1107.85,1156.19,1477.13,978.87,1103.5,1168.57,1074.71,1098.61,944.45,1192.83,1277.73,1042.88,1431.15,1307.34,1335.37,1249.83,1172.15,1224.76,1556.87,1751.93,1243.82,1345.46,1338.36,1132.21,1602.15,1713.58,1372.97,1195.94,1061.25,946.16,1210.63,1574.3,1156.14,989.11,1111.12,1113.13,1495.12,1271.37
GRL,Greenland (Den.),358.29,336.88,425.98,414.31,468.77,436.1,471.08,367.18,399.17,431.95,415.36,407.95,405.45,406.34,475.7,388.79,323.08,415.01,370.66,394.1,421.98,357.95,514.07,394.75,386.42,442.76,521.86,392.65,409.99,385.6,404.68,377.26,370.59,451.52,479.55,385.17,453.15,458.67,410.59,390.32,435.69,436.92,432.33,433.58,387.01,393.49,514.56,470.63,395.46,447.93,439.59,462.16,448.71,471.19,439.73,479.14,389.32,435.5,477.04,357.25,425.27,376.32,447.63,445.12,468.54,416.62,460.79,475.8,462.52,390.79,469.2,476.89,499.97,470.38
GTM,Guatemala,1950.17,1713.79,1952.83,1909.36,2139.08,1807.28,1928.51,1829.19,1932.84,1805.75,1964.92,1949.92,1764.69,1720.48,1702.44,1703.51,1877.95,1669.24,1954.56,2236.59,1887.79,1655.36,1806.57,2010.27,1771.94,1772.84,1835.12,1576.55,1991.32,2192.79,1905.93,2099,1898.35,1893.29,2064.96,1702.61,1607.8,1671.58,2030.04,1906.95,1901.48,1625.55,1854.45,1888.08,1447.04,2180.39,1996.05,1888.98,2100.66,2038.2,1768.06,1687.71,1628.61,1723.85,1682.08,2033.59,2089.47,1812.96,2068.28,1551.7,2179.38,2084.06,1751.09,2125.44,1946.31,1746.95,1674.64,1954.97,1636.4,1548.27,2209.36,1663.35,2089.64,1691.28
GUF,GUF,2022.05,2076.27,1766.85,2349.44,2531.26,2392.54,2601.7,1799.6,1816.13,1991.58,2239.29,2474.38,2254.23,2503.09,1708.93,1618.5,1466.06,1983.69,2132.83,2588.16,2721.1,2134.44,2096.07,1985.04,2071.5,2156.83,2167.19,1813.35,1934.17,2140.14,1984.37,2178.33,2003.06,1641.61,2221.14,1780.43,1839.69,1488.54,1814.98,2054.07,2010.24,1464.78,1491.96,1860.88,1727.03,1459.05,1975.43,1731.04,1470.93,1891.65,2181.17,1670.65,1865.16,1524.75,1691.78,1899.18,2196.54,2102.68,1963.43,1507.88,2163.98,2008.49,1988.61,2166.32,1768.83,1918.48,1895.38,2357.85,2494.02,1684.44,2520.32,3015.07,3103.33,2440.92
GUM,Guam (U.S.),1673.86,1599.69,1590.55,1813.37,1892.46,1975.66,1920.1,1732.06,1632.22,1836.9,1846.14,2425.91,2493.49,2680.32,1990.21,1512.68,1342.73,2043.79,1763.44,1460.85,1555.84,1996.88,1525.85,1579.84,2275.31,1650.65,2209.75,1525.02,1951.3,2238.46,2375.25,2313.72,2087.89,1332.39,1620.68,2121.51,2134.79,1578.47,1724.77,2089.21,2242.54,1996.59,1782.58,1276.51,1917.89,1814.38,2414.27,2283.26,1329.72,1823.86,2035.34,1980.08,2578.32,2296.8,2901.38,2172.19,2181.3,2204.42,1630.92,2225.74,1620.29,2518.47,2135.7,2142.11,2443.31,2414.6,2018.66,2056.13,2837.38,2257.57,1874.55,2213.43,2288.85,2987.07
GUY,Guyana,1930.09,2070.91,1580.94,1885.46,2149.16,2217.63,2343.04,1508.15,1822.69,1903.27,2138.9,1855.23,2046.32,1972.51,1542.62,1288.91,1301.28,1612,1830.9,2059.24,2162.27,1827.57,1961.19,1962.4,1859.29,2033.25,1856.14,1750.72,1989.35,1921.54,1762.86,2153.22,1857.69,1720.67,1933.01,1704.72,1789.93,1605.79,1905.97,1882.41,2032.82,1681.83,1484.14,1875.44,1730.79,1612.94,1919.57,1560.88,1838.52,2007.78,2068.29,1569.14,2011.22,1807.91,1843.69,1959.92,2197.22,2186.25,2167.01,1610.32,2345.49,2188.06,2272.75,2153.35,1870.35,1806.23,2127.24,2283.64,2276.42,2098.35,2085.62,2704.97,2682.03,1831.47
HKG,HKG,1920.86,1571.2,1384.75,1351.73,1230.47,1182.02,1050.07,1826.72,1483.66,1704.25,1748.23,2205.97,1311.94,1158.16,1920.05,1727.68,1498.87,1494.11,1918.99,1512.85,2355.37,1773.11,2399.89,2668.49,2109.55,2425.34,1917.23,1509.04,2352.35,1843.21,1514.59,1735.57,1956.05,2413.54,1724.47,2143.93,1968.91,1691.26,1660.87,1619.38,1859.76,1486.21,1940.86,1892.24,1905.93,1794.4,1706.41,2398.48,1904.18,1729.65,1639.32,1907.17,1542.62,1591.7,1265.62,1854.06,1785.51,1437.66,1936.01,1622.92,1833.6,1273.96,1795.63,2052.32,1493.25,1624.35,2485.7,1825.29,1848.73,1790.12,1562.63,1848.06,1796.66,2050.06
HMD,Heard Island and McDonald Islands (Aus.),865.45,820.04,919.12,1017.62,1048.66,940.79,964.63,952.05,1124.59,914.66,1067.07,1143.11,1031.32,1005.87,1045.82,1072.32,1134.94,999.13,1066.17,1060.01,1000.42,982.05,1035.19,1158.53,1100.85,1210.17,1180.59,1141.02,1108.13,1215.59,1208.65,1193.95,1153.19,1169.37,1143.39,1149.67,1274.74,1227.29,1152.55,1247.8,1243,1262.28,1229.92,1243.71,1235.13,1228.23,971.78,1204.57,1189.68,1198.88,1202.53,1210.14,1211.94,1260.9,1270.52,1162.72,1265.94,1223.9,1218.49,1135.5,1309.24,1140.54,1377,1287.39,1255.96,1217.87,1215.35,1217.71,1218.86,1438.76,1196.41,1217.12,1225.68,1186.32
HND,Honduras,1807.01,1528.13,1791.41,1695.34,1879.53,1500.89,1594.38,1618.11,1708.9,1427.06,1849.93,1619.2,1707.84,1583.46,1561.31,1502.7,1898.97,1563.98,1901.77,1947.91,1740.39,1513.23,1477.65,1594.33,1572.28,1681.63,1745.52,1460.38,1758.62,1978.63,1773.07,1736.64,1604.72,1534.33,1586.68,1480.01,1557.58,1457.57,1819.29,1552.89,1792.9,1398.98,1337.41,1804.66,1203.03,1804.59,1867.06,1496.59,1939.05,1876.01,1418.44,1488.93,1473.59,1620.61,1486.26,1991.49,1692,1714.67,1931.36,1461.45,1943.2,1802.63,1533.96,1675.67,1649.24,1531.58,1609.93,1995.66,1564.78,1327.11,1991.03,1406.88,1822.07,1601.94
HRV,Croatia,920.7,1053.82,1114.5,826.95,1002.7,1239.24,899.96,939.14,990.83,1159.49,1270.31,992.82,1133.31,1185.78,1237.25,1318,1306.65,1096.22,1149.08,1363.09,1178.74,1004.46,1480.43,1010.81,1307.33,1063.8,1153.73,1149,1149.82,1209.35,1310.42,1177.84,1050.47,827.04,1206.02,1034.74,1011.36,1064.69,991.8,983.89,934.82,1063.97,983.16,1040.94,925.11,1264.15,1202.04,1035.22,1064.39,1216.18,933.88,1109.77,1242.8,813.34,1266.79,1171.08,993.61,1061.39,1101.87,1137.94,1433.91,712.56,994.78,1268.16,1492.96,988.51,1172.14,1099.38,1144.32,1225.19,1023.39,1083.39,946.15,1294.07
HTI,Haiti,1013.5,989.8,842.75,822.5,1164.81,1082.21,893.99,852.05,857.37,808,1209.56,1030.08,840.46,1216.18,962.08,803.1,1016.39,618.7,801.22,995.52,845.16,1026.26,1028.13,1177.76,1174.67,892.95,788.04,1107.69,1130.46,1179.75,977.18,1061.94,792.79,938.45,940.36,868.9,959.21,1112.7,1080.71,939.42,1003.38,705.05,888.21,1022.35,874.68,873.25,1024.6,690.04,1006.2,1002.83,691.26,807.68,774.66,928.31,805.58,1201.49,871.33,1139.74,1031.22,815.13,1249.29,1088.12,1102.1,846.97,740.24,638.13,1138.8,1155.25,757.26,900.45,812.67,793.88,765.17,880.22
HUN,Hungary,490.42,523.14,661.22,527.19,631.84,676.46,532.29,611.42,589.32,630.44,711.83,495.41,628.94,680.62,694.36,872.18,766.03,580.82,617.64,781.56,836.87,573.37,847.2,585.7,852.4,704.91,660.5,681.26,640.37,717.55,798.06,652.69,665.7,564.71,677.73,702.83,561.85,744.13,633.4,670.65,534.34,688.46,579.45,561.99,578.27,767.31,790.64,624.05,787.6,912.2,516.81,744.81,677.02,494.79,748.87,824.68,652.8,656.53,628.24,693.07,1041.62,469.98,570.05,783.97,881.55,614.78,791.15,711.28,710.64,731.64,736.78,627.15,596.57,866.63
IDN,Indonesia,2947.24,2412.85,2826.42,2578.32,3441.62,3446.83,3210.98,2985.35,3117.77,3012.09,3143.09,2681.32,3014.21,2569.43,3128.07,2647.15,3376.27,3047.05,3141.42,2954.44,3393.29,3199.17,2356.26,3403,2929.2,3326.39,2717.67,2907.3,3424.22,3033.98,2953.87,3119.83,2608.53,3128.89,3497.92,3207.37,3170.2,2943.23,3461.19,3268.49,2933.7,2858.91,3063.47,2984.94,3001.28,3584.28,3277.19,2336.84,3526.41,3378.34,3346.92,3226.98,2708.47,3073.38,2795.69,3121.23,2938.04,3321.78,3467.63,2957.95,3767.19,3256.91,3337.87,3646.35,3068.76,2797.76,3751.89,3663.54,3209.17,2869.42,3613.18,3505.79,3563.67,2953.84
IMN,Isle of Man (U.K.),1093.92,1134.78,911.78,868.69,1146.69,805.22,827.42,994.51,1078.84,902.42,1160.62,954.2,852.57,806.46,793.1,970.06,1055.2,1099.6,1086.68,944.04,1074.2,888.15,1010.44,889.81,1062.93,877.27,1028.6,1065.02,1056.83,1074.97,1163.22,1226.3,1150.07,967.83,1056.28,1122.78,1084.65,1042.76,1159,926.05,1033.36,914.34,1013.21,1070.34,1107.92,917.08,968.51,990.32,1216.98,1131.47,1283.73,903.9,1253.93,911.05,1035.09,1037.92,1211.6,969.98,1195.38,1162.81,971.3,1070.07,1283.25,1030.86,1258.54,1176.84,1019.89,1198.21,1146.51,1173.64,1193.19,1120.19,1098.65,1325.59
IND,India,1399.45,1234.83,1270.34,1437.9,1254.92,1301.94,1367.21,1112.78,1344.68,1379.74,1168.82,1326.14,1215.77,1219.39,1335.45,1109.82,1264.47,1345.48,1230.9,1082.42,1240.4,1249.34,987.46,1275.67,979.79,1285.49,1106.48,1090.5,1137.78,961.89,1148.49,1030.81,981.36,1234.67,1091.34,1014.92,1067.39,899.43,1240.92,1145.56,1437.71,1140.1,1002.06,1179.51,1278.77,1190.66,1195.92,1209.97,1206.72,1093.27,1085.36,1113.73,1004.24,1229.97,1109.48,1161,1184.45,1301.34,1267.37,1119.39,1355.74,1254.75,1136.69,1356.2,1107.64,1162.14,1219.51,1209.84,1115.66,1379.32,1321.11,1248.63,1282.02,1160.73
IOT,British Indian Ocean Territory (U.K.),1736.26,2048.54,1712.86,2286.52,2290.69,2167.21,1755.61,1698.24,1296.76,2040.82,2154.89,2358.48,2366.58,2922.91,2406.66,2525.97,2646.22,2643.7,2398.26,2802.43,2341.01,2654.12,2659.15,2469.84,2047.41,2203.29,2213.47,3255.67,2054.88,1748.05,2162.71,2376.7,2385.04,2555.01,1601.87,1744.89,1987.5,2726.87,2405.9,2162.06,2727.4,2404.01,1938.99,2022.11,2491.86,2458.99,1727.48,2050.56,2204.33,2279.12,2509.44,1749.11,2934.35,2832.72,2389.65,2038.59,2375.47,3328.19,3035,2644.26,2093.28,2642.88,3766.74,2434.27,2540.73,2662.54,2355.05,2368.23,2797.75,2216.03,2578.56,2875.7,2522.75,2047.28
IRL,Ireland,1100.98,1081.31,853.82,858.26,1220.4,820.86,919.97,1010.99,1136.26,926.9,1143.45,972.69,851.7,913.31,920.37,1049.15,1083.71,1013.74,1052.98,788.3,1017.05,859.81,1019.11,945.15,1082.89,847.13,908.64,1052.95,1036.11,1140.46,1187.84,1106.62,1195.61,1078.88,1048.87,1147.67,1235.6,992.98,1194.15,1034.07,1060.13,986.32,1104.59,1117.85,1196.33,1014.71,1028.42,1096.23,1255.03,1171.29,1195.06,898.05,1283.2,936.97,1024.36,1018.45,1148.29,1078.01,1207.79,1331.09,912.61,1127.33,1138.37,1027,1199.02,1268.17,1034.58,1055.57,1046.95,1186.62,1278.38,1097.85,1117.72,1315.32
IRN,Islamic Republic of Iran,272.44,352.76,288.7,476.07,381.84,252.88,257.56,400.14,198.7,258.86,240.49,257.11,199.6,288.73,239.61,277.32,222.93,257.84,321.79,346.51,212.95,262.21,403.68,194.07,349.62,269.24,345.47,307.47,256.24,304.86,310.94,275.44,363.83,232.26,281.8,234.47,359.89,259.47,298.83,243.8,224.97,347.04,363.33,334,299.54,286.32,352.94,317.05,291.42,257.68,234.93,209.35,275.58,281.74,323.18,280.15,290.16,284.1,202.62,294.6,197.68,295.34,285.04,261.09,257.75,296.38,250.93,259.24,293.11,388.21,358.37,170.85,233.08,239.56
IRQ,Iraq,186.15,156.47,169.17,242.22,273.8,129.32,173.6,257.72,108.97,152.68,172.37,227.63,138.54,275.14,151.97,237.57,179.85,245.12,259.44,256.25,135.4,264.77,320.11,133.62,335.49,230.3,238.28,204.14,142.88,189.69,252.39,206.4,268.19,169.06,203.8,204.47,255.12,228.59,280.08,187.22,146.77,247.8,256.16,285.54,277.47,178.36,282.36,251.79,178.64,134.29,173.23,189.16,227.41,211.02,209.23,183.09,274.74,157.07,133.31,156.7,153.66,181.19,190.75,260.85,233.26,258.69,202.51,145.6,365.9,308.55,231.49,93.32,148.92,237.05
ISL,Iceland,1401.21,1328.47,1210.9,1817.39,1348.29,1231.39,1557.58,1331.77,1213.04,1631.46,1201.07,1438.78,1255.54,1271.76,1279.2,994.26,1186.89,1338.91,1280.46,1352.87,1277.44,1431.14,1673.1,1432.16,1590.04,1394.53,1496.77,1212.91,1268.86,1261.18,1245.95,1294.29,1437.27,1492.68,1409.44,1126.15,1400.88,1307.85,1290.4,1551.59,1422.05,1609.53,1652.99,1438.17,1425.53,1285.51,1280.81,1475.46,1393.08,1356.53,1289.5,1357.27,1518.87,1511.6,1528.21,1329.45,1538.97,1567.2,1353.84,1436.03,1126.66,1523.92,1431.07,1445.09,1576.39,1617.16,1381.55,1494.96,1636.52,1370.15,1583.01,1344.78,1551.06,1331.7
ISR,Israel,196.3,259.98,195.97,370.47,251.77,196.17,216.02,283.52,127.32,182.7,178.29,228.46,138.56,231.92,225.08,232.44,229.06,298.31,243.52,260.77,211.13,375.68,254.81,178.65,293.82,214.26,173.6,236.9,174.17,225.46,268.31,178.55,222.72,235.28,210.65,203.27,256.51,223.39,299.56,162.48,182.02,320.87,314.77,172.77,308.15,153.28,216.51,255.91,187.82,114.69,205.94,157.62,264.27,237.13,209.14,179.3,189.02,187.3,160.72,197.79,171.98,224.27,248.42,216.86,186.57,242.4,204.61,125.67,286.68,266.64,279.65,168.9,178.38,225.82
ITA,Italy,801.14,1180.77,854.86,938.92,987.58,963.96,901.83,1028.66,1014.57,1072.19,1240.81,871.61,961.8,1191.33,1049,1067.79,1208.46,946.5,1140.04,1104.62,953.76,1054.46,1366.67,1023.48,1008.65,1045.27,1236.91,1066.9,1128.55,1215.62,1048.05,1001.85,988.92,879.69,1101.19,928.14,967.25,986.34,872.43,824.65,893.91,915.09,946.62,912.09,867.58,930.02,1179.54,885.15,884.81,992.95,1012.81,848.38,1145.83,868.85,1056.28,983.76,831.94,849.16,1139.79,1126.62,1325.09,880.15,1014.24,1200.17,1246.29,955.87,1079.66,855.85,1215.02,1174.14,986.15,992.13,820.65,1029.41
JAM,Jamaica,1198.34,1100.8,1094.15,1178.9,1196.6,1177.42,1015.08,1001.26,1134.51,1033.17,1434.38,1274.89,1080.41,1533.33,1304.52,932.07,1112.72,774.21,964.11,1105.32,1074.17,1124.76,1102.94,1258.26,1207.29,956.53,856.49,1207.39,1261.68,1348.77,1078.05,1222.74,880.45,1024.17,1038.49,966.47,1118.7,1399.47,1237.29,1030.17,1211.16,876.05,920.82,1259.34,1026.08,1084.66,1157.04,869.06,1082.92,1245.6,943.99,1034.91,1215.12,1146.42,1140.04,1556.1,1089.39,1475.83,1187.37,1061.31,1479.88,1287.04,1103.25,980.6,944.04,820.4,1115.96,1381.73,1041.68,1009.22,1179.27,977.55,1067.71,1054.01
JEY,Jersey (U.K.),1068.43,1132.33,1084.06,713.98,864.51,676.66,759.71,859.36,978.55,847.48,1214.99,898.54,780.7,825.5,840.26,1133.07,1073.88,993.32,890.93,996.42,1031,810.5,1026.8,787.67,1273.15,813.52,868.11,1002.48,1050.51,1127.28,1097.42,1211.98,1217.23,857.49,1111.01,922.88,1143.69,924.3,1021.01,779.61,961.85,838.54,1005.27,1142.71,1218.19,1009.1,867.88,901.86,1121.97,1188.55,1303.86,1124.55,1169.17,868.21,1000.75,872.7,963.48,1008.42,1111.46,1072.58,974.7,870.7,1225.62,1051.2,1199.04,1002.72,1020.75,1012.96,907.91,1221.39,1274.93,1034.87,1084.08,1285.39
JOR,Jordan,73.03,78.87,65.9,125.22,74.51,41.4,69.14,76.93,23.18,64.61,61.39,79.25,28.18,87.74,64.63,100.01,111.61,132.22,84.79,83.44,50.05,129.46,101.82,54.61,129.17,87.28,62.08,71.92,41.64,76.54,116.21,51.34,116.01,67.5,72.89,85.4,101.26,85.48,156.96,63.53,85.4,118.11,96.92,77.74,120.53,59.82,90.96,105.28,70.86,38.75,68.51,68.44,105.16,100.41,67.06,63.22,70.9,64.39,56.63,46.44,82.15,64.63,72.39,90.58,83.99,109.6,88.26,52.36,122.25,101.23,107.03,51.1,71.7,96.97
JPN,Japan,1515.92,1513.19,1639.29,1849.58,1707.13,1735.52,1804.86,1818.13,1760.2,1874.48,1626.4,1771.52,1700.28,1760.3,1796.32,1780.87,1981.9,1682.59,1776.01,1780.98,1757.67,1914.8,2342.53,1670.66,1884.44,2008.52,2031.87,1805.17,1568.55,2021.97,2031.05,1726.87,1793.17,1783.55,1368.32,1784.22,1541.7,1637.96,1710.16,1805.51,1812.91,1898.31,1650.41,2029.97,1374.77,1656.45,1588.42,1714.6,2010.26,1753.57,1752.37,1664.44,1643.07,1810.37,1938.54,1483.7,1798.74,1533.89,1546.22,1751.93,1928.16,1869.13,1796.8,1768.69,1791.27,1862.19,1925.42,1753.14,1890.6,1737.01,1918.25,1962.69,1706.75,1719.13
KAZ,Kazakhstan,250.46,243.44,269.58,335.99,303.39,255.08,306.37,327.22,385.01,318.39,363.39,347.28,309.53,374.9,374.28,326.93,320.33,319.8,328.39,389.11,338.74,334.01,375.03,368.94,259.36,274.75,318.47,315.28,376.14,362.38,340.13,376.01,328.19,349.69,300.19,337.16,312.68,403.49,363.78,361.13,399.35,281.42,357.97,412.28,362.36,294.88,305.33,319.66,325.68,360.57,357.63,355.65,385.21,370.57,363.22,296.63,329.13,303.09,277.79,341.18,292.51,306.99,274.64,354.39,300.41,368.69,416.52,299.25,320.86,314,282.96,277.48,312.25,365.62
KEN,Kenya,1006.81,1281.01,1019.13,1347.65,797.34,705.19,728.64,913,773.15,840.96,805.2,1045.24,776.69,1015.43,788.98,663.89,706.93,898.6,950.33,548.5,699.4,755.22,793.27,616.5,656.29,703.87,692.82,1159.95,949.1,948.83,637,850.11,865.2,763.28,610.86,801.42,827.51,670.97,817.19,826.3,842.29,681.81,667.58,613.48,784.82,668.08,601.31,1010.85,848.53,554.94,477.52,687.12,711.26,621.08,667.56,532.85,878.42,673.39,587.66,491.63,724.51,736.83,718.12,791.79,649.75,760.74,599.31,597.52,879.6,865.4,947.91,482.75,423.31,707.85
KGZ,Kyrgyz Republic,706.99,902.8,808.48,865.12,899.34,815.11,763.56,814.41,925.97,869.39,839.04,730.87,827.12,951.92,938.14,894.85,928.76,858.04,882.21,1081.39,946.74,820.42,1024.37,796.8,901.78,798.75,853.62,836.3,801.86,818.98,905.23,1070.85,853.77,871.37,844.43,862.11,876.39,1082.75,952.88,841.56,892.44,883.67,952.8,1082.56,930.07,883.2,951.07,765.7,1088.51,1057.01,991.13,958.83,977.83,1019.32,928.45,895.88,881.96,886.4,863.09,953.65,1050.46,958.21,806.45,845.01,844.31,934.65,1090.83,873.87,937.4,866.23,893.36,824.13,944.91,866.19
KHM,Cambodia,1348.49,1171.81,1646.29,1761.38,1353.12,1689.78,1889.57,1862.06,1452.79,1495.07,1723.26,1633.35,1731.93,1693.96,1746.58,1728.19,1841.79,1431.94,1393.39,1515.42,1518.02,1754.23,2255.23,1857.56,1830.45,2073.67,1812.92,1559.75,1915.57,1765.28,2045.51,1898.27,1717.74,1815.23,1739.93,1959.56,1997.31,1829.81,1835.13,1752.28,1813.35,1719.48,1573.68,1766.35,1684.07,1675.29,1910.91,1724.07,1719.38,2138.62,2026.81,1751.25,1691.1,1773.48,1519.94,1645.26,1835.58,2024.21,1896.97,1964.25,1728.26,1861.9,1846.1,2007.93,1665.42,1476.17,1894.53,1977.52,1856.99,1566.71,1650.56,1826.42,2150.46,1935.03
KIR,Kiribati,760.39,2047.83,1418.32,1962.42,717.59,585.06,766.1,2380.15,1675.9,1550.65,1035.81,1207.83,738.22,979.18,766.34,2027.59,2156,1328.9,1304.19,2232.61,878.05,674.17,2694.37,1315.01,727.48,642.7,1399.49,1477.11,1159.78,1406.64,1195.4,845.28,2169.28,1798.32,684.31,739.68,1339.42,2633.14,803.78,625.08,1451.52,1506.64,2448.77,1677.15,1099.45,711.2,639.15,2661.34,1157.45,481.96,615.18,1048.24,1882.07,1403.94,1232.95,1081.77,1192.51,1016.56,806.76,1401.52,1605.24,786.55,1149.21,854.12,1207.98,2712.6,1867.3,715.25,650.51,1801.58,815.15,719.34,441.54,1687.36
KNA,Saint Kitts and Nevis,893.4,893.06,724.84,646.29,819.92,802.41,704.67,688.89,923.63,613.87,926.43,990.47,800.84,818.77,783.55,735.59,751.27,642.42,605.85,776.78,892.44,641.1,735.22,880.13,1012.72,757.34,738.18,815.48,770.96,1157.99,618.25,998.48,979.07,822.03,900.76,776.03,829.38,1261.11,816.67,847.51,824.27,686.19,765.77,750.46,528.77,901.1,977.34,703.39,1129.7,1134.01,666.65,673.1,671.81,958.79,1302.6,1128.34,944.22,902.45,924.48,878.91,1334.33,1287.99,978.77,979.09,895.75,652.92,968.7,1090.91,738.39,705.19,875.89,662.27,881.97,906.26
KOR,Republic of Korea,1100.34,864.61,1054.46,1122.42,1397.78,1027.42,1784.87,1395.56,1552.86,1419.18,1189.4,1323.96,1290.68,1529.11,1419.19,1137.14,1084.05,1023.16,961.57,1443.25,1206.65,1230.11,1768.27,1024.01,1483.78,1361.69,1270.04,1096.78,1239.61,1369.99,1517.42,1381.53,1093.65,1293.42,1268.82,1687.73,1365.4,1572.63,917.06,1550.5,1507.5,1428.7,1152.62,1479.66,850.23,996.37,1127.99,1201.57,1637.4,1587.22,1249.69,1041.5,1397.98,1686.82,1246.19,1095.85,1257.03,1379.79,890.41,1109.43,1225.65,1413.06,1423.07,1082.58,1085.45,973.07,1225.8,913.9,1268.64,1176.75,1500.25,1225.23,1076.18,1587.07
KSV,Kosovo,603.45,725.29,772.5,730.83,904.01,1068.37,808.09,809.62,759.99,954.71,836.14,636.72,918.15,968.6,926.02,734.05,858.87,831.78,845.99,793.69,908.55,848.69,1057.33,901.47,905.36,765.79,990.64,710.61,828.19,936.16,866.52,935.35,679.25,848.81,730.49,823.19,866.01,831.12,742.33,861.85,593.67,729.13,669.71,665.26,665.07,983.95,933.91,751.53,812.14,921.79,572.65,833.5,867.99,740.26,961.07,958.3,837.54,816.55,690.5,991.72,942.45,587.11,733.33,767.32,1009.23,779.82,968.75,826.99,1000.43,789,887.81,984.62,846.44,997.54
KWT,Kuwait,89.34,72.51,147.06,127.38,179.27,54.25,118.39,121.95,58.29,75.41,45.96,149.6,59.68,114.56,46.04,73.44,75.83,123.42,85.42,117.06,81.45,122.76,191.09,63.32,174.37,127.49,184.16,113.83,107.15,132.77,157.36,84.1,138.97,84.18,126.64,88.84,164.05,74.29,78.61,108.52,53.74,156.36,118.36,140.91,117.92,153.28,250.64,267.69,116.41,183.47,131.42,107.38,111.18,109.21,181.37,173.88,101.53,111.17,50.78,125.22,34.37,83.91,135.63,166.5,121.25,122.47,59.62,60.3,265,136.78,128.81,50.82,115.73,177.06
LAO,Lao People's Democratic Republic,1736.99,1886.82,2087.91,1857.66,1372.98,1680.59,1836.05,2111.02,1864.4,1747.6,2004.36,2269.06,1819.84,2145.26,2078.82,2008.57,1858.5,1685.03,1919.63,1867.85,1915.88,2096.84,2320.14,2181.17,2182.94,2252.95,2057.58,2020.34,2467.26,2013.57,2104.86,2530.95,2168.33,1970.23,2085.1,2036.67,2147.92,1967.24,1836.21,2021.46,2149.99,1935.13,1886.83,1807.24,2303.6,2034.32,2084.48,2023.84,1580.78,1919.06,2049.66,2033.44,2220.86,1743.35,1859.12,1980.76,1911.58,1919.27,2099.35,1887.56,1908.37,2146.23,1865.82,2059.55,1848.2,1874.69,1900.59,2115.27,2263.24,1593.86,1747.23,1853.36,2057.21,1817.61
LBN,Lebanon,589.39,651.89,592.45,937.48,838.79,532.79,601.64,596.24,400.35,455.49,408.57,549.45,495.82,623.35,571.91,569.11,507.2,811.04,736.8,706.69,495.09,785.38,620.22,521.17,534.85,512.36,594.31,692.5,576.46,516.35,657.01,625.83,578.42,639.38,592.09,507.49,613.8,648.46,731.49,306.27,394.47,648.36,717,482.35,790.71,404.08,556.43,604.53,537.37,344.45,564,488.3,680.67,790.03,611.16,570.39,507.92,554.91,406.27,597.78,398.95,607.31,790.06,547.76,428.12,567.08,533.76,418.48,643.01,700.88,643.31,529.07,488.62,615.92
LBR,Liberia,2094.83,2233.33,2621.68,2137.02,2069.59,2094.47,2164.47,2706.6,1904.48,2175.78,2152.32,1937.42,2118.27,2501.02,1936.04,2207.46,2179.05,2294.02,3098.69,2453.31,2351.45,2427.42,2572.15,2316.05,2199.25,2261.49,2339.39,2231.36,2463.44,2674.24,2755.1,2424.19,2222.64,2080.34,2632.02,2417.43,2150.75,2456.16,2515.7,2357.53,2242.04,2229.16,2145.98,2341.3,2152.82,2456.36,2442.9,2167.9,2351.39,2194.1,2087.81,2213.44,2427.07,2453.16,2414.69,2460.24,2320.26,2408.06,2447.24,2002.5,2522.5,2127.16,2214.09,2136.34,2334.08,2108.33,2221.53,2593.14,2605.11,2766.06,2198.57,2553.97,2385.04,2281.94
LBY,Libya,20.09,21.88,15.8,30.37,20.26,12.87,24.54,42.12,14.99,13.04,19.95,21.83,29.4,29.8,21.97,22.72,37.62,26.87,22.03,44.63,14.56,22.51,49.39,16.83,28.96,21.49,54.1,14.25,29.3,20.47,23.07,15.77,31.02,19.27,25.05,37.91,30,20.7,33.34,16.92,26.95,40.26,21.88,27.49,28.36,25.51,25.08,20.84,19.63,22.35,23.16,12.14,20.77,21.21,19.72,29.63,28.5,21.93,28.52,14.85,13.43,30.6,20.24,18.34,18,26.59,12.85,29.02,23.96,26.95,21.64,10.76,15.14,16.39
LCA,Saint Lucia,1227.29,1266.08,944.56,868.78,967.35,1052.76,1007.19,973.65,1165.05,896.37,996.34,1268.59,1204.53,1149.05,1135.47,800.71,989.71,831.32,763.51,808.55,910.54,683.28,826.93,900.2,922.1,964,883.82,1062.81,887.95,996.64,914.12,1054.05,927.78,950.72,984.62,986.12,827.23,1021.02,1185.42,811.39,826.41,816.72,947.81,887.03,775.27,909.18,965.13,788.08,1017.01,886.96,929.76,806.51,841.22,909.09,1170.31,1416.26,1000.98,976.24,1008.77,821.87,1405.7,1340.39,1088.23,967.5,798.33,664.47,1080.04,1010.08,944.68,791.6,948.47,766.74,994.02,1013.01
LIE,Liechtenstein,1592.96,1679.5,1926.16,1493.1,1968.76,1763.56,1834.93,1607.78,1957.12,1556.51,1857.46,1684.2,1762,1751.34,1756.83,2141.11,2155.01,1972.89,2000.61,1735.36,2166.44,1502.94,1645.28,1975.95,2267.72,1667.35,1720.56,1904.63,1977.55,2099.21,2126.35,2405.17,1870.28,1955.66,1857.46,1859.71,1973.35,2062.09,2131.24,1561.52,1783.95,1735.09,1787.23,1900.73,1847.99,2079.29,1850.48,1736.24,1858.44,2420.85,2160.91,2258.08,2077.87,1438.99,1737.68,1788.05,1748.79,1997.79,1999.1,1846.24,2000.15,1798.71,2074.6,1839.93,1890.14,1754.61,1966.67,2002.52,1597.95,1988.56,1831.61,1972.63,1632.69,2216.88
LKA,Sri Lanka,850.36,1453.34,904.15,1145.32,1923.98,1945.85,1506.75,1697.96,1612.02,1457.84,1717.97,1520.74,1818.53,1985.19,1728.64,2181.84,1801.84,1925.87,1564.81,1832.25,1645.81,1656.44,1506.87,1528.63,1161.59,1642.59,1395.57,1719.15,1779.71,1634.37,1304.01,1397.16,1453.21,1244.05,2063.87,1652.66,1457.6,1597.49,1593.47,1494.58,1567.25,1430.73,1346.16,1745.06,1831.31,1545.29,1603.29,1793.28,1520.23,1682.08,1748.9,1544.18,1688.96,1602.64,1740.04,1613.12,1883.06,1653.08,2055.29,1693.65,2175.95,2282.66,1706.92,1677.88,2230.34,2189.86,1352.81,1686.48,1927.66,1681.18,1546.7,1971.19,1813.82,2317.55
LSO,Lesotho,1260.42,965.99,1015.98,1025.28,575.13,921.95,1240.37,1232.47,1206.47,1210.58,1309.11,1200.2,1080.58,1300.19,1120.02,789.09,990.14,1157.87,984.19,969.49,1085.52,1187.81,1088.71,1090.11,1283.23,1200.91,1302.09,1184.17,1114.89,1100.96,869.67,1015.16,950.44,1036.04,932.92,1148.6,1246.55,1452.31,1491.45,1326.14,1007.81,1291.76,753.88,1181.61,959.53,1100.94,1325.65,1199.99,1116.09,1000.69,1276.25,1227.92,1147.41,941.32,1124.56,1065.7,1311.04,920.63,955.12,997.97,1092.66,1077.17,1025.32,883.71,1024.35,761.44,1028.77,938.57,896.25,798.42,1190.31,1232.74,1330.86,1143.42
LTU,Lithuania,822.11,562.53,757.79,570.55,793.72,625.19,744.31,766.06,754.91,596.57,837.63,696.32,853.74,715.89,639.69,699.87,763.2,786.93,704.61,694.78,794.57,678.93,893.34,747.08,880.02,638.79,636.86,796.87,850.37,731.52,897.94,888,644.14,812.12,742.77,854.6,823.65,800.86,783.16,821.08,894.25,676.69,683.2,799.81,797.6,776.34,627.14,754.1,914.53,723.44,722.8,822.55,699.32,653.13,802.2,720.08,638.65,825.48,761.52,750.25,874.73,680.7,852.57,684.17,703.36,664.1,845.54,904.46,584.71,650.8,709.42,822.56,780.58,800.1
LUX,Luxembourg,919.42,909.15,955.36,599.55,823.84,678.7,838.29,900.31,1039.37,601.54,878.5,833.85,755.75,716.61,729.05,1133.12,1030.12,918.11,967.02,883.41,1034.95,687.51,851.13,789.89,987.7,807.7,643.85,953.06,901.91,1021.79,1000.73,1151.15,874.79,927.46,1064.29,807.68,978.24,1011.64,1019.79,877.46,883.98,681.28,848.33,926,978.15,1017.2,720.87,877.33,957.51,980.06,1053.53,1027.35,969.51,738.6,803.06,732.62,898.72,994.14,992.06,890.48,897.51,753.28,1006.31,964.15,936.26,783.25,966.85,887.32,780.32,962.92,899.19,1098.53,932.56,1064.75
LVA,Latvia,767.97,559.46,785.42,581.24,734.75,654.94,759.48,792.25,667.61,607.82,775.78,713.31,916.87,688.06,615.91,705.82,769.39,772.06,708.71,626.06,762.23,733.81,816.29,754.53,832.53,643.52,658.98,779.81,923.43,714.83,841.35,942.24,657.66,834.92,759.81,858.55,820.37,779.69,831.47,790.21,938.79,764.37,682.43,786.96,776.02,735.92,615.1,793.13,900.46,703.77,704.43,816.85,677.94,702.12,767.05,678.65,611.21,800.83,820.56,817.1,862.56,701.2,918.35,675.31,772.7,682.21,821.66,893.54,558.66,757.49,739.15,785.84,744.98,837.37
MAC,MAC,1993.3,1585.29,1479.61,1389.19,1263.45,1124.05,1156.07,1832.2,1592.82,1807.34,1622.98,2224.75,1340.93,1271.55,1953.1,1943.63,1530.23,1696.62,1916.41,1541.57,2303.77,1972.28,2459.49,2804.95,1994.29,2634.98,1908.49,1517.31,2446.3,1995.32,1449.04,1790.28,1886.13,2314.09,1851.03,2008.35,1975.6,1723.64,1721.4,1611.24,1821.42,1373.01,1850.98,2014.01,1923.29,1725.6,1636.33,2329.8,1885.26,1854.57,1770.96,2034.99,1630.77,1601.38,1296.62,1765.44,1744.21,1369.81,1967.73,1672.17,1879.43,1260.13,1803.66,2080.53,1625.96,1601.27,2378.51,1768.14,1864.21,1761.85,1699.18,2013.85,1866.3,1973.09
MAF,Saint-Martin (Fr.),858.14,959.18,710.38,647.13,893.5,797.14,648.37,687.18,836.99,644.51,870.72,945.09,779.42,773.09,672.05,760.18,712.97,613.93,578.62,876.13,877.9,670.27,753.03,874.04,972.4,784.52,734.81,824.66,795.59,1027.15,630.51,1060.41,901.25,885.12,977.6,804.83,834.09,1252.79,713.75,839.05,802.8,681.84,830.26,704.93,506.43,1023.68,957.56,755.17,1039.93,1361.03,664.15,678.46,663.27,983.68,1081.49,1177.78,920.97,969.54,960.44,820.25,1394.78,1226.15,900.6,961.44,928.18,594.79,925.17,1170.74,723.91,701.91,853.3,684.51,904.92,978.82
MAR,Morocco,246.6,311.9,225.91,327.51,322.32,371.28,372.12,349.63,232.94,272.36,371.79,227.4,371.39,458.57,264.54,407.46,249.62,405.06,380.43,456.88,350.96,439.22,447.58,328.02,276.96,305.42,407.9,311.62,270.02,342.6,302.14,206.16,306.91,222.65,245.17,322.16,287.47,319.56,318.06,394.3,269.02,319.83,224.07,284.97,245.24,272.46,494.16,331.21,228.15,252.65,222.66,176.01,297.84,329.75,251.48,199.34,319.77,228.99,341.13,350,426.65,323.61,267.84,258.59,353.52,258.6,280.21,179.21,401.41,212.02,212.84,230.42,206.81,172.44
MCO,Monaco,690.3,1041.12,537.8,601.82,787.49,681.61,784.71,1022.15,898.51,1175.66,1182.69,768.29,857.19,960.23,712.19,733.72,1042.04,554.95,1030.26,936.52,738.83,1013.8,1197.88,768.77,849.87,1097.91,1091.74,1114.37,876.38,1122.6,742.58,807.75,701.35,699.91,890.02,708.24,690.13,1052.83,670.78,647.73,623.09,775.86,757.79,849.21,850.79,754.66,1084.73,613.56,605.46,787.15,1043.32,586.17,991.69,589.88,674.12,643,654.35,438.4,1007.61,978.53,1062.44,803.61,905.9,1156.91,1236.33,688.32,840.82,562.98,1249.22,1039.76,780.73,584.16,538.8,648.47
MDA,Moldova,364.59,382.59,511.36,452.41,464.41,666.98,500.18,434.14,555.24,521.35,577.04,509.99,593.02,539.38,568.44,575.3,824.49,534.37,663.84,669.37,761.74,830.32,839.06,523.55,652.41,517.59,619.46,588.16,757.87,692.53,854.34,794.83,587.39,470.62,721.56,657.69,446.57,577.97,737.26,615.18,477.69,718.61,522.76,602,453.88,644.04,733.72,701.39,637.26,606.89,546.2,633.19,579.27,493.79,583.48,657.98,544.34,514.56,648.91,446.12,744.21,428.26,534.4,634.3,602.51,476.68,651.6,573.48,507.56,450.4,484.69,628.61,430.02,468.55
MDG,Madagascar,1593.3,1288.06,1733.89,1720.85,1442.16,1380.32,1289.6,1329.32,1639.34,1486.9,1275.37,1381,1362.36,1322.37,1229.87,1440.47,1167.79,1546.38,1395.48,1505.04,1378.61,1564.04,1737.07,1657.12,1403.29,1500.99,1443.06,1550.08,1302.85,1341.98,1369.04,1379.28,1688.39,1419.63,1697.82,1435.12,1454.49,1185.98,1305.92,1552.02,1175.91,1323.63,1229.07,1317.76,1589.56,1423.97,1419.6,1505.93,1459.85,1138.91,1470.13,1294.66,1483.8,1561.3,1634.99,1248.55,1207.16,1697.43,1456.76,1404.4,1389.55,1393.21,1519.7,1293.69,1416.63,1789.36,1285.34,1432.17,1440.1,1488.04,1321.44,1139.71,1414.02,1457.83
MDV,Maldives,1918.07,2266.18,2385.91,1936.73,2366.76,2171.44,2048.84,1970.15,1924.17,1625.92,1858.43,1919.69,2179.24,2279.54,2260.04,2345.69,2377.46,2041.85,1807.02,1994.91,1906.92,1635.6,2057.34,2063.24,2167.33,2235.06,1849.72,2114.4,2323.38,2079.27,1692.83,1577.67,2031.81,1679.81,1892.57,2071.1,1867.87,1762.19,1760.15,1887.92,1584.31,1833.43,1657.18,1819.96,1919.59,1699.24,1535.09,1787.36,1697.62,1575.92,1637.68,1663.53,2044.55,1784.35,1862.54,1574.99,2055.83,1608.91,1758.33,1636.47,1694.59,1476.46,1494.47,1662.58,1783.8,1999.64,1913.2,1671.14,1851.56,2045.61,1641.54,1571.14,1743.42,1951.69
MEX,Mexico,667.77,716.56,725.18,651.13,731.76,778.94,611.69,609.33,870.06,871.32,706.99,666.8,581.73,674.33,652.59,676.27,733.82,759.02,730.44,718.2,699.48,731.97,779.64,911.13,796.18,763.82,843,723.11,908.63,749.14,797.37,1028,777,901.39,1046.39,890.76,904.42,819.46,889.75,824.76,925.32,927.97,946.16,871.37,724.45,839.24,814.02,854.02,799.02,787.7,747.79,749.58,760.4,783.92,786.79,774.31,850.06,840.28,912.5,734.37,954.43,721.4,760.99,978.58,878.45,892.32,835.59,832.12,854.85,752.25,765.26,835.63,791.25,630.98
MHL,Marshall Islands,2255.28,1881.57,2600.28,2233.72,2931.95,3068.25,2528.02,2480.72,2421.24,1895.36,1831.49,2043.45,2098.03,2550.24,2284.32,2172.36,2260.78,2354.6,2192.01,2188.06,1991.84,1964.75,2941.5,1940.08,2699.01,2240.79,2899.23,2392.78,2274.34,2731.76,3181.72,2822.44,2732.76,1926.58,2029.29,2540.43,3080.98,2344.79,2356.83,2785.07,2952.9,3032.6,2136.11,2887.96,2687.65,2620.46,2711.87,3432.46,1895.25,2444.19,2715.4,2483.48,3160.81,3069.36,3069.31,2601.69,2681.69,2397.69,2336.86,2537.28,2338.46,2990.58,2152.02,2307.97,2853.84,3085.67,2369.88,2463.22,3328.68,2407.51,2779.93,2616.13,2990.51,2877.6
MKD,North Macedonia,587.99,721.29,641.13,667.27,821.52,902.59,778.54,759.85,668.27,827.5,806.74,542.3,830.35,942.72,824.17,594.77,850.05,704.91,799.02,768.45,772.26,802.53,1014.69,828.03,823.08,697.04,911.53,607.5,763.37,858.38,795.25,853.57,692.73,797.85,625.58,733.04,736.97,761.56,612.19,668.73,547.05,671.25,608.76,528.44,577.06,864.23,806.06,630.18,752.22,750.68,477.82,677.27,825.26,720.96,795.82,831.17,770,727.71,581,952.91,929.89,527.04,725.96,732.94,959.51,776.39,772.78,738.43,870.66,680.22,748.23,892.45,741.65,862.17
MLI,Mali,324.07,405.08,320.89,296.6,349.6,291.01,368.7,424.22,340.86,285.63,273.84,264.97,314.97,290.02,315.05,353.82,286.82,380.37,337.01,366.52,311.31,311.52,283.61,253.9,295.52,294.89,298.86,264.28,345.09,317.65,307.65,290.44,237.87,210.39,252.49,275.78,270.07,235.09,318.58,298.29,230.98,274.13,260.04,232.84,340.5,270.8,229.86,231.12,253.77,305.88,244.41,206.78,211.25,288.26,199.86,242.4,220.32,232.91,252.91,229.81,293.51,204.25,260.76,215.65,211.89,251.78,241.9,216.75,273.55,280.5,271.9,185.91,245.42,193.71
MLT,Malta,539.88,568.58,274.68,468.82,493.59,407.29,487.37,570.93,525.46,425.19,305.26,340.7,615.91,402.07,527.15,481.76,336.99,408.7,407.3,653.64,349.57,516.27,655.2,590.15,312.12,461.59,596.36,253.24,385.08,402.41,357.21,233.33,797.44,445.01,432.83,511.23,608.92,223.22,519.07,401.12,317.55,443.12,329.8,400.23,526.41,490.19,491.31,505.84,289.99,419.8,355.94,296.6,283.4,559.35,379.03,461.44,512.6,513.73,407.08,460.77,347.61,605.94,379.66,433.02,413.35,407.7,389.01,440.52,510.09,562.02,313.38,482.62,291.2,341.18
MMR,Myanmar,2507.82,2460.72,2458.58,2288.75,2117.85,2274.66,2364.4,2282.59,2530.06,2587.93,2298.43,2612.28,2398.33,2594.39,2475.5,2785.63,2550.13,2587.19,2527.71,2338.43,2580.1,2568.3,2284.2,2572.29,2611.39,2547.69,2703.37,2340.69,2337.31,2086,2237.7,2375.65,2371.14,2528.24,2506.09,2526.35,2283.4,2411.92,2525.98,2284,2546.51,2650.46,2222.39,2358.09,2523.18,2430.06,2501.88,2313.57,2160.28,2511.88,2454.07,2338.24,2363.75,2257.34,2349.45,2204.21,2315.06,2551.98,2557.38,2285.42,2266.36,2527.26,2357.57,2341.23,2041.32,2324.38,2282.32,2381.84,2452.09,2056.27,2087.67,2070.88,2111.4,2061.83
MNE,Montenegro,1439.05,1328.62,1915.65,1060.78,1531.65,1987.42,1380.72,1521.57,1681.76,1687.83,1940.37,1414.56,1810.84,1902.41,1714.25,1590.86,1994.58,1476.01,1702.95,2011.78,1990.24,1600.51,1732.67,1543.36,1687.98,1380.02,1792.6,1629.61,1964.91,2147.01,1776.86,1733.54,1223.74,1355.99,1560.24,1680.36,1562.89,1643.15,1495.84,1390.57,1313.79,1514.86,1359.11,1317.07,1248.02,1788.68,1983.33,1293.29,1521.45,1702.25,1369.28,1656.16,1617.65,1454.55,1998.16,1860.26,1444.74,1520.39,1537.65,1904.92,2274.21,1022.37,1523.62,1860.81,1853.87,1254.06,1871.19,1482.06,1763.33,1657.22,1535.04,1753.29,1628.09,1853.55
MNG,Mongolia,339.22,296.15,312.31,304.85,319.4,339.73,275.8,243.83,323.23,313.48,280.43,285.88,264.43,283.77,340.03,238.83,276.82,309.13,272.35,311.58,278.3,320.37,284.86,340.05,277.3,299.27,311.1,299.09,255.32,296.24,262.66,305.21,277.49,298.59,346.39,282.77,293.4,323.18,285.45,274.24,349.7,299.89,289.07,343.31,335.68,264.52,268.58,272.58,328.74,270.53,254.64,234.79,236.58,316.4,235.03,228.66,229.44,230.43,253.33,221.95,251.6,239,278.72,256.47,237.03,250.08,294.02,212.54,287.56,251.13,269.25,307.05,211.37,277.08
MNP,Northern Mariana Islands (U.S.),1747.31,1431.13,1505.78,1823.81,1868.61,1613.11,1528.96,1281.63,1617.52,1557.27,1960.43,2102.34,2086.46,2199.17,1755.77,1410.61,1249.69,1914.66,1888.39,1302.89,1321.45,1589.68,1499.52,1230.76,1954.88,1692.7,1862.25,1387.01,2073.99,1516.94,2030.5,2088.1,1563.76,1080.45,1676.93,1856.15,2025.57,1235.77,1676.59,2037.35,2095.5,1917.96,1583.63,1391.72,1858.52,1438.75,2054.94,1862.78,1089.33,1748.26,1730.17,1676.12,1729.45,1982.36,2311.18,1788.16,1710.61,1939.93,1587.21,2098.09,1489.6,2118.61,2023.83,1770.71,2117.1,1896.91,1788.44,1831.19,2300.88,2119.77,1531.51,1891.48,1999.3,2058.64
MOZ,Mozambique,1005.26,633.21,973.54,1216.46,724.5,1067.92,1035.86,1156.78,1090.62,912.89,771.59,962.18,990.66,942.69,723.67,799.1,736.29,865.12,821.51,871.69,761.44,844.8,951.49,873.57,1106.2,797.6,976.86,967.06,1207.6,811.14,880.59,905.44,924.54,785.54,970.71,1020.39,982.13,745.33,869.79,1102.59,741.32,905.13,646.99,853.44,747.06,789.89,953.32,1127.76,874.87,1017.17,1201.35,1017.25,763.2,923.24,940.45,661.48,889.3,1034.55,835.93,802.86,870.19,813.26,835.35,892.42,938.68,849.7,763.16,1001.83,863.18,1020.41,792.07,828.99,1018.98,1079.76
MRT,Mauritania,85.79,195.09,101.78,81.12,129.6,84.32,119.22,140.34,86.98,55.23,67.49,62.57,78.62,80.37,75.2,110.93,92.23,110.81,78.92,149.08,73.39,63.8,70.78,50.63,66.92,65.48,78.22,48.46,69.67,93.26,73.9,77.67,40.87,31.14,59.44,57.49,74.48,45.63,97.84,87.97,55.15,61.4,44.62,69.43,107.18,100.03,59.38,70.52,74.84,91.82,75.83,48.48,42.14,114.54,50.19,78.62,61.22,52.65,61.33,56.22,96.76,47.61,79.71,66.99,47.52,82.17,64.12,41.81,56.77,65.26,62.44,33.51,80.55,36.6
MSR,Montserrat (U.K.),906.42,886.05,717.5,659.96,789.93,826.35,752.2,731.77,924.62,629.84,868.26,1054.72,782.27,872.25,779.05,719.92,768.77,694.36,587.88,688.09,841.57,576.33,770.55,818.99,1016.94,729.55,720.24,801.1,747.95,1156.58,628.78,935.29,871.11,771.77,800.44,798.65,765.88,1149.78,845.94,829.98,859.53,660.4,719.99,749.05,589.66,958.98,991.12,688.42,1098.35,1035.71,671.62,657.99,654.21,845.93,1281.7,1164.17,993.4,839.3,961.83,814.83,1205.07,1387.7,1024.07,943.33,834.24,646.86,943.4,1064.07,717.78,655.79,862.44,593.12,874.15,957.46
MTQ,MTQ,1206.78,1343.26,1005.42,955.28,1077.26,1080.89,1043.25,1020.14,1221.74,911.41,1092.65,1340.77,1260,1208.5,1169.21,886.14,1091.02,911.61,804.8,907.09,921.17,720.36,938.91,967,1026.19,1009.79,962.1,1075.52,975.89,1160.32,1048.87,1146,1086.57,993.61,1142.49,1053.97,896.99,1178.53,1233.06,922.34,981.34,908.83,1036.68,985.53,849.77,1060.48,1134.06,871.97,1108.2,996.54,971.5,846.88,881.54,1043.57,1291.37,1464.71,1131.32,1093.54,1129.6,860.53,1338.11,1510.55,1141.56,1146.36,858.95,780.5,1239.34,1130.98,996.22,1015.71,1042.35,828.12,1061.76,1014.63
MUS,Mauritius,1001.25,1250.22,1258.55,1467.08,1098.05,979.73,1236.8,1004.99,1202.35,1435.31,1159.02,1279.37,1221.66,946.82,1286.32,1259.44,958.25,1260.64,1089.7,1179.24,1378,1036.51,1599.63,1117.25,1108.31,1031.1,1005.57,1133.39,810.7,1121.21,1346.84,1224.74,1371.38,1054.61,750.72,1164.81,1156.94,1593.98,954.93,1183.99,869.27,905.78,921.33,920.81,772.85,1516.99,942.58,888.71,876.86,559.94,925.28,870.28,1015.86,973.7,1072.39,1143.08,1067.11,1044.41,1182.56,1141.94,858.42,858.22,862.22,965.24,1102.33,1311.39,895.59,1139.43,1429.94,1034.09,1127,891.43,1004.65,1287.22
MWI,Malawi,1563.59,1083.99,1437.16,1930.03,980.1,1710.67,1561.01,2179.62,1594.28,1591.96,1240.33,1738.86,1468.62,1604.17,1155.72,1282.04,1231.14,1352.06,1306.11,1254.77,1332.32,1374.03,1467.27,1255.89,1669.4,1214.89,1413.83,1465.89,1883.81,1446.17,1441.73,1262.09,1576.59,1278.49,1475.19,1511.31,1664.25,1137.71,1334.64,1793.98,1128.43,1398.14,1024.02,1257.38,1163.99,1179.62,1334.92,1624.85,1169.9,1345.94,1538.56,1340.07,1380.67,1373.29,1457.29,996,1458.26,1498.38,1349.9,1361.05,1320.45,1281.75,1382.67,1357.83,1354.06,1258.67,1218.64,1505.64,1458.33,1612.3,1342.73,1282.48,1650.93,1602.85
MYS,Malaysia,2492.76,2100.59,2435.61,2398.05,3109.59,3089.39,3160.37,2695.57,2744.53,2651.18,2642.58,2372.25,2869.83,2651.76,2725.14,2602,3310.89,2768.96,2691.22,2917.39,2989.63,2796.49,2501.67,2880.51,2628.78,2730.93,2563.41,2688.57,2561.33,2690.36,2702.74,2558.33,2398.03,2579.54,3249.84,2785.18,2808.44,2821.67,3187.82,2782.06,2525.23,2904.36,2515.19,2881.07,2819.13,3191.95,3094.67,2528.24,2794.17,3124.47,2966.37,2995.27,2333.73,2603.03,2372.91,2486.9,2957,3285.82,3519.15,2933.8,3122.05,3138.3,3183.48,3105.57,2856.26,2693.93,2744.69,3261.51,2914.24,2526.31,3151.07,3163.03,3443.68,3167.54
MYT,MYT,1008.47,835.43,726.39,1643.62,977.77,888.06,866.3,1078.77,1019.66,1110.57,950.46,1152.89,1002.23,828.25,754.98,1012.11,590.25,898.52,1170.69,1003.11,1036.06,1733.82,1358.12,1459.9,975.39,956.98,1351.79,850.85,1062.86,894.2,1372.56,1199.36,1212.94,1486.72,1126.94,1099.17,981.85,703.16,1082,1244.53,978.59,1437.71,802.44,1002.99,1240.12,879.78,1022.64,781.39,945.41,838.7,768.44,926.64,1131.97,1120.64,1218.11,894.28,1099.92,808.35,1270.95,826.43,775.49,982.02,1093.89,918.65,1323.58,1046.62,1121.95,1087.22,997.77,1013.72,782.71,703.92,910.3,684.21
NAM,Namibia,634.26,602.44,333.54,381.08,78.49,370.63,149.23,430.24,320.62,174.89,268.4,270.01,244.19,510.96,198.95,248.41,322.21,453.5,244.58,315.16,269.41,335.51,336.99,265.84,493.5,254.04,429.78,354.8,309,323.55,266.69,190.52,287.64,256.39,257.45,322.96,376.31,289.59,392.03,301.98,352.56,427.25,179.6,360.94,282.1,237.56,259.77,405.41,248.7,357.06,348.82,390.03,310.36,270.59,387.23,330.78,574.41,188.38,434.58,420.62,416.01,642.62,401.36,233.9,369,230.82,242.39,415.66,283.86,185.29,358.45,438.26,315.05,192.19
NCL,New Caledonia (Fr.),1873.64,1592.71,1010.37,766.45,1318.36,1398.11,1593.81,1096.27,1108.79,1489.54,988.04,1708.04,2132.03,1110.65,1340.82,1488.6,1159.96,2279.94,1065.8,1533.44,1365.52,1553.85,1608.48,993.95,1594.95,1937.01,1904.13,1123.81,1124.02,1284.59,1191.16,1379.38,1261.6,1038.63,1500.87,1631.45,1309.6,803.98,1878.84,2238.68,1579.71,1079.81,1196.2,737.3,958.95,995.56,1659.31,1100.62,1472.2,2105.57,1401.87,1334.83,1327.51,1191.44,1204.66,1402.94,1230.9,1281.6,1690.1,1694.85,1177.43,2092.52,1716.94,1711.91,1271.12,1304.5,1246.52,1203.58,1577.75,956.97,1379.49,2113.59,2440.18,1331.94
NER,Niger,198.69,130.83,176.25,176.8,207.59,82.51,262.85,173.68,179.38,111.79,58.93,105.83,173.3,138.7,126.01,107.89,88.34,205.1,123.68,143.29,91.02,106.54,77.59,77.08,105.44,110.86,104.67,124.32,143.68,89.32,104.9,84.17,70.94,55.96,44.59,82.91,77.31,65.47,125.16,84.83,62.18,102.05,84.41,56.83,113.43,80.21,49.02,73.58,123.73,146.59,65.46,69.99,77.12,86.44,51.71,83.04,67.4,83.47,67.57,59.18,114.3,64.45,98.24,76.03,88.55,95.47,100.49,101.87,103.63,122.73,96.55,54.55,75.96,54.83
NFK,Norfolk Island (Aus.),1057.21,1046.19,971.14,834.8,967.79,1196.21,969.63,878.81,1094.51,1117.95,1082.9,885.4,896.34,1028.26,1039.18,779.55,1156.85,1388.73,963.28,945.08,1143.62,1308.26,772.32,785.66,1263.51,1196.35,905.41,649.06,1296.5,832.33,1128.99,1251.45,856.07,1206.34,1270.48,1422.65,1175.83,808.46,1086.02,1357.09,739.17,663.71,941.65,697.71,728.94,985.3,1007.46,840.47,1287.54,1228.93,769.07,1040.25,1302.56,852.05,863.36,819.01,791.05,914.89,1197.66,773.78,735.15,1256.26,1196.14,788.22,822.79,847.35,960.64,1041.27,926.83,572.77,816.94,1006.59,1755.6,943.11
NGA,Nigeria,1060.28,1220.57,1140.11,1090.55,1031.32,1133.5,1191.52,1279.46,934.72,899.87,988.72,929.6,1059.18,997.49,770.75,884.25,909.58,1171.45,1220.53,1236.64,1101.69,1160.95,1081.25,1096.79,1165.77,1171.69,1144.1,989.71,1196.5,1224.33,1319.71,1128.73,1073.85,866.06,1037.82,1188.69,1091.1,1060.67,1292.39,1087.29,1048.21,1181.01,1105.24,1040.79,1292.5,1168.81,1101.24,1078.7,1097.34,1241.89,1033.15,998.16,1051.55,1007.59,999.91,988.48,1008.7,1040.05,1087.07,1037.43,1127.56,985.73,1193.53,1053.83,1176.6,1030.93,1178.99,1052.2,1081.44,1264.21,1001.08,888.86,993.73,976.94
NIC,Nicaragua,1995.88,1680.78,1921.88,1761.27,1916.16,1791.22,1891.47,1777.5,1945.36,1379.15,1812.67,1582.05,1731.56,1733.11,1557.83,1593.66,1863.91,1606.9,1889.25,2013.52,2050.7,1806.7,1764.66,1795.62,1708.87,1906.79,1653.28,1497.33,1799.94,1858.98,1826.29,1930.93,1883.56,1531.16,1611.17,1631.99,1779.03,1483.26,1888.85,1588.34,1746.58,1491.46,1424.83,2020.59,1468.2,1828.76,1849.32,1564.1,1860.12,1821.65,1499.24,1509.24,1653.37,1632.72,1698.2,1973.87,1678.95,1836.65,1938.88,1710.99,2120.23,1849.28,1636.78,1851.04,1758.12,1673.84,1941.12,2098.02,1776.23,1632.61,2262.43,1585.49,2284.95,1731.79
NIU,Niue (N.Z.),1561.88,2204.53,2257.94,1828.2,2371.81,2621.22,1785.71,1597.52,1768.19,2225.75,1982.33,1514.33,2138.3,1873.29,2559.75,1608.22,1594.23,1496.87,1578.55,1516.83,1936.67,1471.98,1665.2,2743.26,1952.72,1906.18,1562.34,1288.15,1756.07,1885.3,1594.72,1530.48,1540.19,825.17,1716.79,1450.58,1462.41,1371.13,2209.81,2117.17,1390.5,1769.3,1424.41,1797.19,1725.6,1557.5,2042.78,1465.21,1197.44,2021.81,1927.19,1942.1,1512.76,1968.25,2092.15,2220.43,2510.86,2514.56,2326.59,2014.12,1842.63,1848.44,1748.76,1826.52,1513.35,1368.06,1841.82,1955.3,1967.06,2030.97,2295.78,1932.83,1945.09,2446.32
NLD,Netherlands,866.43,800.53,768.79,631.13,880.43,634.04,724.25,766.2,845.9,518.56,837.24,936.04,769.75,706.56,681.04,939.5,1001.39,851.73,919.23,769.75,871,698.3,783.78,764.28,986.03,759.81,579.41,870.61,747.06,907.73,865.03,937.61,772.71,841,955.44,882.68,852.01,912.22,957.45,721.73,794.58,691.63,846.81,970.03,925.88,783.72,651.68,729.82,1131.3,899.51,972.84,1002.6,977.61,673.12,896.23,807.92,835.35,975.88,890.44,819.88,843.3,824.56,984.66,801.57,886.43,875.38,803.95,910.93,677.18,865.46,849.06,1006.47,824.94,1128
NOR,Norway,1152.3,1179.73,1069.33,1358.2,1176.66,1035.48,1069.15,1309.76,1087.63,1148.81,993.88,1315.14,1186.71,1161.82,1390.07,1094.95,1148.9,1437.56,1115.91,1062.73,1073.15,1424.18,1236.87,1436.04,1167.9,1457.8,1061.33,1111.96,1163.45,1237.82,1106.11,1168.21,1326.65,1552.79,1134.15,1261.15,1244.77,1202.11,1307.47,1478.97,1494.65,1242.91,1398.79,1206.56,1235.4,1317.56,1029.12,1309.16,1309.27,1338.87,1412.22,1251.96,1122.51,1259.78,1338.8,1396.99,1312.33,1418.88,1296.07,1240.33,1097.38,1570.35,1349.87,1346.51,1296.13,1557.51,1258.86,1456.21,1231.25,1356.85,1580.61,1249.89,1408.63,1367.22
NPL,Nepal,2838.03,2240.89,2529.73,2439.71,2413.55,2167.73,2230.25,2034.47,2316.02,2172.11,1980.34,2268.78,2399.83,2387.66,2101.51,1862.3,2060.59,2015.54,2143.61,1818.46,2103.79,2320.56,1968.77,2562.34,1914.82,2119.96,1876.43,1777.68,1975.62,1762.3,1816.5,2000.83,1706.25,1791.81,2051.93,1971.74,1865.51,1956.19,2109.28,1954.31,2221.05,1760.99,1573.52,2057.83,1775.78,2107.32,2075.27,1950.29,2256.06,2009.83,2139.64,1850.7,2038.11,2163.77,1896.43,1787.02,1739.4,2403.95,2133.82,1825.23,2138.95,2212.61,1959.76,2223.22,1934.23,1828.32,2142.34,2066.7,2125.47,2197.49,2476.64,2568.24,2102.09,1815.62
NRU,Nauru,1624.15,2035.36,2256.68,3056.73,1278.29,1176.1,1199.66,2696.6,2584.22,2346.16,1870.72,1995.82,1350.7,1803.11,1152.46,2379.42,3334.86,2851.54,2159.14,3031.83,1690.19,1068.84,3080.87,1246.34,1064.96,898.72,1904.6,3243.08,1992.38,2803.69,2398.28,1934.09,2863.92,1350.24,709.03,1335.73,2953.16,3227.06,1181.75,831.62,2738.76,2892.65,3059.14,3186.97,2413.19,1295.75,550.73,3098.73,545.67,421.53,630.35,1899.76,3657.59,2333.24,2984.84,2215.31,2084.13,1419.74,553.06,2540.54,1764.88,984.88,2128.55,1160.9,2977.46,3701.41,1779.89,1282.57,1904.49,3795.88,1184.32,867.76,397.93,3008.14
NZL,New Zealand,1353.26,1387.53,1488.86,1608.27,1529.07,1708.23,1781.37,1637.19,1653.38,1412.82,1583.06,1387.8,1651.5,1372.47,1668.82,1544.56,1517.43,1632.42,1733.88,1419.78,1565.8,1482.35,1586.39,1485.95,1504.43,1761.84,1514.29,1498.38,1504.07,1779.87,1740.85,1559.21,1544.57,1712.02,1622.41,1514.42,1617.38,1639.56,1775.19,1583.36,1582.3,1578.52,1509.39,1474.48,1646.95,1797.49,1659.5,1522.62,1725.22,1469.07,1591.35,1479.05,1571.52,1474.47,1770.83,1348.47,1650.23,1395.42,1519.6,1503.54,1672.27,1632.88,1554.47,1561.62,1543.71,1480.18,1700.82,1573.58,1740.94,1633.46,1445.3,1685.04,1729.69,1639.09
OMN,Oman,32.06,100.02,31.17,68.25,21.92,33.77,25.24,50.26,23.45,94.65,42.01,54.69,13.84,82.77,29.76,38.16,50.59,134.34,34.87,13.53,21.49,34.42,129.22,20.49,13.75,20.43,32.17,80.46,43.86,37.32,12.69,20.06,99.22,177.69,7.34,15.42,35.54,39.18,54.04,67.89,49.55,20.42,103.34,18.14,21.79,115.82,85.21,142.38,37.29,28.22,11.94,7.93,36.14,35.72,31.99,32.41,48.13,79.8,22.48,29.28,47.75,80.91,22.95,44.38,25.6,28.25,37.94,23.04,76.75,48.65,97.19,28.4,78.52,40.01
PAK,Pakistan,400.57,368.53,394.85,670.64,369.84,442.15,589.87,386.35,370.07,619.25,369.65,502.13,371.77,299.19,434.09,315.92,349.28,514.97,333.42,341.78,366.31,322.08,401.07,460.87,284.6,478.81,520.61,429.81,464.66,442.95,427.04,455.76,499.04,512.31,423.12,406.36,449.98,366.6,441.22,409.17,464.31,402.58,573.65,377.3,595.11,499.03,427.64,510.79,418.05,366.8,264.12,342.05,280.62,438.24,322.07,427.64,486.43,459.31,437.63,348.87,480.79,482.62,402.74,440.7,367.48,485.65,357.37,393.87,285.44,496.87,491.95,280.59,556.51,383.61
PAN,Panama,4016.6,3428.98,3120.53,3391.87,3515.05,4191.76,4120.06,2686.83,3405.15,2344.5,2511.36,2314.02,2916.59,3083.19,2757.09,3038.33,3238.9,3119.77,3007.66,3388.29,4270.97,3784.03,3062.41,4232.32,3394.13,3758.16,3109.69,2838.85,3430.95,3363.57,2862.75,3626.21,2774.56,2888.67,3238.68,2881.9,2679.15,3182.98,3407.16,2881.99,2966.84,2858.22,2707.69,2934.56,2970.91,3453.57,3289.79,2517.32,3299.97,3815.4,3154.19,2960.46,2789.64,3268.68,3104.77,3379.94,3172.49,3626.4,3482.59,3136.45,4036.68,3677.27,3094.98,2914.03,3001.8,2894.77,3176.36,3075.6,2977.91,2591.36,3127.39,3261.28,3497.29,2789.19
PCN,Pitcairn Islands (U.K.),1347.93,1415.77,1433.57,1411.83,1194.74,1157.5,976.25,1212.43,1574.25,1346.9,1226.62,1194.75,1363.3,1399.49,1223.19,1784.36,1600.44,1004.22,1606.1,1320.86,935.81,1163.27,1484.15,1631.28,975.55,1118.24,1261.26,1808.98,1537.65,1112.86,1477.98,1421.93,1735.98,1545.76,1689.45,1473.55,1535.14,1232.41,960.89,1054.5,1459.39,1403.52,1655.52,1566.26,1688.43,1332.29,1133.74,1358,844.03,1091.83,1231.84,1465.91,1860.18,1529.45,1417.38,1692.15,1016.33,1482.88,1116.89,1454.7,829.49,779.96,2068.28,1751.17,1158.2,1292.34,1660.47,1546.59,1258.46,1936.96,1019.04,1185.07,1260.44,1189.42
PER,Peru,2244.04,2253.19,2160.48,2214.91,2129.67,2071.29,2303.57,2003,2184.76,2013.23,1838.75,1944.24,1759.34,1809.18,1780.44,1877.77,1905.43,2084.98,2083.15,1995.86,2031.27,2297.21,2013.92,2275.14,2065.03,2250.64,2007.43,2109.06,2148.83,1891.59,1939.25,2271.84,2323.85,2168.32,2377,2222.01,2391.04,2245.67,2204.5,2295.23,2253.44,2137.34,2121.68,2391.19,2468.89,2050.68,2139.72,2124.08,2237.18,2130.67,2173.29,2081.55,2101.64,2036.32,1991.61,1905.1,2031.29,2064.91,2120.34,2287.15,1938.33,2144.81,2272.07,2206.8,2263.51,2261.11,2059.8,2355.38,2204.6,2362.1,2011.89,2220.89,2002.03,2094.42
PHL,Philippines,2204.57,2200.84,2447.15,2085.73,2625.7,2649.27,3226.04,2282.27,2194.66,1949.16,2206.62,2046.42,2146.08,1932.19,2526.86,2035.99,1941.91,1806,1665.79,1960.46,2406.88,2558.76,2302.98,2288.89,2655.69,2603.47,2691.82,2537.82,2765.17,2443.66,2667.55,2543.57,2409.35,2125.79,2799.45,2648.43,2615.52,2126.12,2711.41,2559.62,2371.33,2058.97,2007.99,2434.28,2287.58,2816.69,2743.8,2080.78,2308.14,3192.94,3136.73,2723.22,2221.57,2401.79,2280.98,2547.24,2647.49,2636.82,3101.57,2981.16,2550.88,3413.21,2915.85,3045.08,2959.39,2336.91,2758.21,3327.31,2632.37,2310.21,2884.33,3109.17,3266.34,3003.42
PLW,Palau,2577.76,3507.29,3634.34,3124.06,3359.92,3063.24,3419.6,3309.17,2616.06,2924.96,3193.9,3215.66,2876.04,2805.64,2731.35,2256.75,1912.17,2110.08,2400.64,2118.23,2262.24,2777.95,2421.99,2908.91,3456.18,3085.92,2733.4,2945.69,3269.82,2327.55,3388.28,2575.11,2193.44,2298.16,2939.6,3161.08,2558.09,2357.31,3036.25,2617.75,2681.12,2620.46,2403.13,2873.54,2830.43,3230.27,2996.64,2297.43,2253.75,4030.87,3787.91,3648.99,2622.75,3138.16,2876.64,3570.37,3148.74,3034.87,3439.56,3439.05,2819.4,4089.98,3598.56,3321.38,3658.97,2180.17,3059.12,3705.56,3214.91,3013.84,3486.17,3869.12,4284.97,4037.71
PNG,Papua New Guinea,4010.06,3640.61,3928.75,3768.05,3676.55,3339.15,3618.32,3658.02,3646.58,3533.45,3709.7,3667.95,3747.36,3161.74,3418.65,3368.22,3839.43,4143.99,3603.94,3990.9,3990.02,3830.47,3231.84,3788.97,3396.79,4045.98,3640.79,4071.05,3895.22,3585.74,3630.81,3796.67,3130.64,3787.59,3726.5,3942.86,3500.06,3425.89,3807.51,3783.34,3852.42,3577.47,3486.6,3379.06,3616.99,4113.34,3810.07,2780.06,4022.63,3685.53,3870.49,3827.5,3334.02,3790.86,3525.05,3992.3,4039.74,4081.22,4027.79,4033.22,4002.31,4309.59,4334.2,4504.31,4346.79,3531.09,4614.97,4727.96,4158.61,4300.82,4626.48,4317.97,3598.73,3983.67
POL,Poland,614.25,550.89,733.46,532.57,676.29,701.53,740.34,680.28,711.99,559.79,767.01,664.21,769.3,664.8,666.19,748.25,861.32,818.57,757.74,605.58,912.97,714.38,812.01,739.61,903.94,682.59,695.54,842.05,797.44,736.07,887.51,890.49,582.19,720.85,725,861.76,743.74,795.22,786.98,663.48,719.47,680.17,671.11,726.59,752.66,737.19,712.91,775.01,829.53,767.23,759.46,861.87,765.98,592.73,728.83,685.22,685.93,809.72,741.84,773.35,946.26,673.65,737.63,756.64,743,604.9,802.01,916.69,628.66,675.04,774.11,814.89,739.79,849.03
PRI,Puerto Rico (U.S.),1101.88,1143.3,1007.31,954.75,1160.63,1114.66,975.59,845.75,1198.31,1017.89,1142.41,1122.92,900.32,1146.41,848.77,908.19,839.52,720.96,761.8,1080.6,1272.93,871.29,998.13,1009.33,1176.11,957.31,830.79,1002.66,1088.64,1644.54,1031.72,1421.68,998.99,1163.54,1103.54,1081.2,1210.61,1402.63,1149.04,972.15,1037.1,874.35,1190.09,1113.74,823.84,889.26,1263.66,846.44,1433.8,1299.68,864.71,930.46,867.4,1169.26,1123.24,1550.17,1137.5,1190.76,1271.33,1016.23,1413.18,1493.12,1122.23,1215.25,915.67,829.75,1354.41,1475.48,972.05,935.26,1111.48,902.53,1288.65,1048.12
PRK,D. P. R. of Korea,941.69,917.42,1037.61,1118.77,1324.25,1146.08,1291.92,1147.72,909.86,1151.7,1261.9,1123.3,1503.79,1362.35,1596.67,1122.51,1516.07,1185.67,1151.27,1229.7,1127.53,1331.29,1567.35,1186.1,1149.84,1149.44,1127.29,870.63,1217.2,1326.76,939.47,1145.19,1057.63,1132.78,1267.99,1244.09,1343.5,1352.14,952.97,1227.85,1683.42,1023.31,1149.32,972.39,1126.65,1275.64,1125.16,942.43,1240.54,981.36,1063.37,1041.29,1038.85,1073.07,1141.25,1126.01,1029.84,1427.71,991.43,1089.96,1425.15,1199.38,1309.45,1215.79,704.17,953.47,1141.52,855.89,1125.11,838.98,1473.73,1136.37,1380.71,1252.57
PRT,Portugal,674.57,883.66,802.8,584.1,620.95,949.3,853.49,649.21,925.37,986.23,1194.39,854.72,724.01,1218.34,717.77,951.01,1092.2,632.32,868.07,1038.04,774.39,788.99,1063.75,715.18,728.86,680.31,771.9,1001.83,946.31,1029.48,600.35,721.46,612.23,796.2,823.7,925.84,683.4,931.15,785.55,988.22,646.57,625,571.16,805.07,714.31,821.75,1034.79,1052.37,646.12,739.73,964.65,962.82,930.25,882.64,583.58,567.35,922.74,569.49,692.41,825.3,1046.27,749.17,641.12,877.87,1007.71,568.58,880.22,514.85,885.56,699.14,709.54,727.82,795.14,713.54
PRY,Paraguay,1853.87,1730.72,1356.16,1781.13,1607.43,1568.63,1543.15,1513.91,1506.97,1604.08,1218.98,1204.42,1191.35,1198.73,1128.14,1508.69,1257.91,1560.57,1399.35,1333.31,1437.15,1588.78,1393,1490.48,1414.51,1160.27,1234.82,1316.79,1080.83,1540.19,1627.51,1395.58,1625.26,1831.65,1589.61,1387.18,1640.9,1730.95,1323.37,1631.42,1718.99,1436,1832.52,1366.63,1522.45,1409.14,1691.72,1653.88,1775.3,1284.37,1484.96,1385.2,1220.91,1307.04,1177.27,1262.81,1282.35,1272.38,1294.7,1287.43,1250.59,1267.52,1222.94,1213.97,1529.54,1674.46,1355.11,1453.94,1361.98,1283.74,942.25,1005.87,1045.73,1142.46
PSE,West Bank and Gaza,299.34,389.45,308.22,584.35,369.65,280.83,344.8,465.67,182.05,274.65,248.25,360.31,206.73,341.76,356.33,331.44,330.67,454.24,361.15,429.4,334.4,560.39,414.97,272.82,432.13,313.03,250.12,340.78,253.56,354.08,418.1,283.28,348.16,382,340.45,289.99,385.13,374.63,453.82,259.3,289.07,465.42,503.43,260.35,488.56,224.07,347.06,415.29,308.62,179.58,332.14,270.85,428.27,392.54,316.13,301.57,300.34,301.48,258.21,307.76,252.9,368.93,389.08,323.01,275.98,368.26,308.67,201.81,483.15,395.98,428.92,249.1,268.74,358.23
PYF,French Polynesia (Fr.),1157.64,1087.98,1490.77,1326.14,1047.95,854.19,920.65,1097.99,1712.88,1234.32,1355.65,1467.5,1379.58,1248.5,1255.57,1459.86,1561.2,1844.37,2092.78,1849.75,1896.41,1596.52,1204.27,1324.45,1440.43,1072.8,977.92,1432.49,1201.95,1403.89,1559.45,1555.01,1396.72,1796.94,1567.75,1410.27,1306.24,1373.25,1283.42,1259.27,1274.96,1211.59,1441.27,1289.96,1358.34,1405.45,1258.7,1307.98,2064.11,1165.84,1391.17,1646.67,1190.22,1317.71,1544.67,1398.42,1524.12,1714.79,1135.81,1385.35,1607.81,957.14,1537.84,1516.92,1613.39,1227.97,1824.94,1659.23,1505.83,1588.25,1341.15,1120.89,1430.76,1597.93
QAT,Qatar,26.19,46.37,47.44,125.42,39.33,82.84,21.13,59.44,57.88,86.68,28.33,38.14,30.05,39.61,157.96,36.37,34.55,26,41.24,95.33,21.13,24.4,120.29,16.23,56.89,37.5,103.58,65.88,19.81,119.53,29.73,21.92,166.32,63.5,36.43,26.64,56.28,61.48,75.87,72.35,48.3,57.24,167.8,62.1,18.06,177.22,84.43,147.04,62.18,36.4,53.05,9.27,42.65,51.59,47.14,44.41,114.48,25.13,38.27,68.63,21.12,57.76,34.88,76.48,50.36,66.08,63.04,97.46,52.08,106.38,37.24,10.53,27.81,77.87
REU,REU,1724.09,1423.77,2152.95,1955.94,1588.46,1388.22,1636.4,1368.2,1548.72,2243.2,1749.55,1671.83,1623.45,1523.62,2077.05,2027.08,1491.95,1786.09,1597.95,1917.31,1850.99,1544.47,1983.23,1785.22,1619.84,1425.34,1403.27,2128.47,1180.71,1519.42,2366.83,1829.58,2010.61,1270.06,1260.07,2035.4,1829.23,2384.67,1367.18,1967.79,1392.13,1335.87,1105.99,1978.71,1399.85,2152.21,1318.24,1355.28,1365.92,1162.55,1428.69,1408.57,1919.67,1565.06,1593.51,1534.38,1933.62,1719.59,1734.27,1761.18,1496.43,1393.54,1431.16,1724.97,1631.58,2155.34,1459.39,1407.66,2323.78,1229.44,1573.72,1499.42,1840.72,1766.37
ROU,Romania,519.18,641.26,678.82,633.37,771.45,914.73,739.02,759.68,662.85,766.72,787.57,660.64,739.43,729.7,848.77,804.51,957.91,808.87,807.12,955.47,1005.56,885,1022.67,797.98,904.61,864.54,844.28,800.52,896.79,944.39,992.47,943.86,773.83,724.26,883.11,809.49,705.5,801.99,892.11,796.91,682.8,919.6,703.06,775.73,712.18,901.94,871.77,914.23,867.61,929.37,607.4,854.16,812.34,669.01,850.69,1050.56,825.5,803.3,753.91,750.63,973.45,586.97,726.2,801.33,911.44,731.26,901.66,759.09,799.85,700.5,767.04,821.43,660.33,789.4
RUS,Russian Federation,567.15,540.03,544.76,525.76,524.13,554.33,556.23,566.83,543.22,532.93,538.27,584.87,592.95,585.19,559.15,588.37,591.12,577.98,591.85,563.98,605.07,617.25,604.91,613.64,561.66,593.72,553.69,608.58,618.86,592.19,578.05,588.83,605.27,606.66,583.35,589.67,575.06,573.26,604.5,614.22,635.2,567.01,570.13,575.63,597.51,615.9,577.04,608.72,598.49,561.4,574.49,585.1,580.86,561.62,597.43,567.86,597.49,613.43,608.39,569.32,565.48,562.01,573.02,599.91,572.67,589.67,569.81,604.31,566.08,596.79,588.79,587.52,598.08,583.15
RWA,Rwanda,1662.76,2091.12,1810.7,2475.12,1595.3,1741.59,1742.46,2070.6,1670.14,1942.46,1696.18,2000.93,2231.94,2055.85,1775.32,1717.9,1753.04,1858.27,2039.47,1612.51,1864.4,1887.38,2211.86,1642.18,1779.55,2011.71,1827.3,1940.42,1900.94,1672.34,1622.95,1824.83,1714.19,1552.69,1575.61,1922.28,1908.05,1951.3,1817.71,1750.58,1749.48,1756.76,1568.18,1340.93,1610.96,1493.86,1466.64,1687.82,1477.68,1270.98,1178.97,1552.39,1463.48,1179.23,1314.87,1326,1679.46,1382.97,1289.77,1484.88,1476.2,1679.65,1632.51,1528.94,1331.65,1505.2,1254.66,1275.71,1721.71,1553.88,1758.21,1397.65,1597.44,1691.97
SAU,Saudi Arabia,109.27,61.36,87.39,92.61,54.59,58.84,49.27,75.72,47.21,60.84,51.55,80.06,39.41,91.88,88.61,87.23,50.99,83.29,80.67,61.59,39.42,65.77,113.72,40.21,89.23,96.19,65.66,73.96,44.76,58.86,47.84,44.04,104.64,82.99,56.76,75.04,81.69,58.08,64.72,62.12,40.24,59.08,91.53,87.02,51.25,108.29,88.91,112.79,72.44,53.43,51.68,51.3,66.05,57.31,69.54,67.5,71.26,39.52,51.06,49.81,40.48,46.89,38.78,76.5,47.67,61.51,64.11,48.31,89.58,68.17,50.63,35.24,51.67,90.92
SDN,Sudan,677.51,256.7,371.83,421.23,278.99,243.42,267.55,242.07,213.19,228.81,198.91,237.8,235.15,331.4,412.56,220.07,249.66,134.76,187.72,223.31,246.68,242.16,265.35,237.16,330.95,265.74,237.35,269.35,283.99,328.12,276.62,249.2,220.61,184.44,182.1,291.39,230.28,236.09,284.78,216.43,168.88,231.69,218.74,211.83,269.15,235.36,281.44,255.63,258.39,262.94,191.44,227.71,179.12,224.39,177.22,226.24,209.86,227.28,175.34,150.07,195.97,163.4,182.5,183.78,215.67,134.82,168.1,152.97,191.17,250.96,188.75,132.51,151.16,98.91
SEN,Senegal,679.4,897.28,684.64,641.01,750.23,842.66,706.49,752.76,721.5,527.12,541.64,682.37,618.69,680.23,636.85,629.36,641.37,778.49,526.7,844.26,564.35,612.12,541.06,505.68,551.1,623.43,577.07,452.58,634.14,617.53,543.34,535.06,479.24,387.3,468.72,598.95,542.08,534.26,619.56,649.64,467.7,529.2,458,512.88,634.46,585.21,530.13,459.53,397.82,586.99,540.43,479.6,384.36,571.38,374.5,434.24,381.52,453.61,575.09,534.38,597.68,419.75,572.34,502.78,368.28,535.78,491.61,442.62,496.28,450.45,682.97,459.04,552.17,413.57
SGP,Singapore,2067.58,1306.67,1942.51,2215.51,2880.67,2413.65,2386.49,2361.58,2306.6,2053.54,1985.73,1456.82,1886.97,1431.57,2582.13,2045.87,2758.43,2089.22,2003.35,2445.38,2084.49,1849.06,1615.68,1939.73,1686,1871.79,1715.01,1626.11,1772.17,2074.17,2047.43,1891.89,1837.28,1989.93,3157.54,2427.79,2815.02,2814.3,2824.04,2526.61,2196.3,2926.07,2639.22,2727.02,2231.63,3049.28,2543.08,1940.2,2651.46,2462.31,2478.13,2715.8,2134.35,2381.66,2204.14,2103.09,2518.28,3011.22,2661.63,2127.3,2539.21,2604.86,2587.93,2593.41,2358.41,2051.77,2556.64,2785.62,2657.21,2201.73,2784.45,2762.34,2719.8,2921.56
SHN,"Saint Helena, Ascension and Tristan da Cunha (U.K.)",721.93,646.24,602.75,692.18,671.99,651.66,645.12,587.3,536.79,644.84,677.9,720.62,667.55,784.55,576.97,620.42,681.17,758.29,632.34,723.76,711.82,637.42,724.54,746.19,696.22,629.53,603.05,645.23,665.41,695.5,660.72,657.63,754.76,741.42,753.02,821.85,772.3,708.76,695.75,703.58,708.65,674.8,757.78,670.54,690.76,724.1,752.8,738.94,669.94,660.96,783.93,736.76,763.07,612.39,687.95,687.96,659.89,727.02,845.47,690.75,665.44,670.84,705.62,644.03,695.37,676.62,691.07,664.17,688.97,735.47,730.46,603.76,667.31,760.71
SJM,Svalbard and Jan Mayen (Nor.),494.46,467.65,508.53,616.65,492.07,397.62,556.95,549.43,486.94,585.62,552.96,566.27,516.38,389.8,632.68,475.07,501.01,578.03,406.14,516.22,520.98,504.89,701.22,511.32,554.2,552.27,642.49,480.92,463.38,526.85,520.93,557.71,474.17,546.65,628.33,494.05,542.15,510.32,402.81,521.9,599.94,576.29,551.26,580.45,569.6,543.19,617.84,520.86,434.47,604.85,589.5,509.3,473.38,442.7,624.04,647.5,672.9,651.43,573.76,624.14,488.85,641.23,675.68,585.59,553.95,713.63,706.64,578.02,705.99,510.72,628.23,584.9,621.5,664.43
SLB,Solomon Islands,3557.52,4156.32,3967.59,3841.35,3146.71,3390.8,3311.57,3083.96,3587.14,4458.92,3662.73,3974.93,3803.9,3747.77,3336.77,3661.78,3312.02,3893.36,3697.18,4156.37,3845.32,3463.08,3495.43,3146.46,3120.86,3531.44,3900.02,3965.23,2984.95,3678.87,3464.43,3090.69,3319.29,3456.7,3465.67,3585.24,3275.66,2939.68,3686.05,3223.91,3506.66,3420.39,3013.52,3054.06,3405.56,3611.4,3614.28,2565.78,3842.42,3636.97,3711.61,3803.6,3961.98,3513.68,4244.78,3726.31,4437.99,3878.03,3742.41,3984.6,3753.79,3443.91,4218.72,4522.57,4221.27,4099.1,4337.94,4359.34,4502.92,4221.67,4355.27,4446.15,3524.33,4759.47
SLE,Sierra Leone,2557.4,2992.05,3097.15,2737.27,2921.73,2748,2640.79,3265.47,2450.71,2429.26,2484.06,2625.75,2467.35,2732.5,2323.37,2339.37,2536.16,2846.51,3025.18,3109.32,2736.54,2812.34,2954.23,2486.27,2411.64,2502.33,2654.26,2570.04,2722.14,2854.73,3175.83,2881.06,2488.4,2341.56,2445.61,2532.08,2420.52,2486.37,2618.49,2743.43,2526.46,2237.52,2605.06,2667.02,2490.58,2563.66,2559.94,2342.12,2328.96,2356.29,2583.48,2412.72,2527.39,2680.56,2542.77,2635.19,2382.33,2631.79,2439.4,2263.23,2535.76,2349.19,2699.01,2262.01,2455.33,2275.03,2706.87,2609.63,2689.24,2990.17,2626.4,2642.24,2596.71,2547.3
SLV,El Salvador,2041.64,1420.24,1597.17,1651.03,1780.83,1732.04,1429.61,1560.09,1707.44,1304.19,1726.45,1386.82,1451.3,1499.76,1231.81,1308.05,1566.55,1039.42,1704.15,2292.01,1658.63,1541.93,1250.67,1846.38,1253.44,1655.4,1272.87,1257.21,1570.55,1753.2,1414.16,1619.59,1496.44,1276.9,1548.32,1387.34,1101.66,1177.03,1697.5,1525.06,1344.9,1202.72,1404.12,1704.48,1129.64,2168.71,1865.22,1315.71,1925.24,1944.64,1338.53,1156.13,1326.12,1465.75,1439.73,2063.81,1561.04,1681.66,2089.17,1291.78,2316.36,1882.76,1263.81,1393.21,1375.96,1300.7,1273.35,1671.48,1444.88,1433.52,1983.3,1512.91,1955.49,1342.95
SMR,San Marino,630.56,862.1,715.16,915.44,778.62,986.06,742.5,944.61,881,800.6,931.12,840.94,883.08,1087.34,1086.32,802.54,988.23,792.2,970.11,1031.88,767.77,815.78,1398.75,1008.01,845.57,845.85,1110.78,778.57,996.65,929.31,1165.12,890.69,881.55,589.6,900.63,785.9,754.39,783.84,668.58,751.9,738.47,830.26,627.75,593.86,765.14,882.74,929.12,817.66,659.88,1040.37,582.91,789.48,1067.37,623.32,927.28,1077.84,676.75,642.6,776.11,843.32,1157.08,648.23,876.41,1085.28,1117.59,903.04,960.57,754.18,987.2,984.79,628.12,726.08,684.55,878.4
SOM,Somalia,466.95,751.94,456.49,663.73,325.8,217.69,232.49,420.76,224.05,239.12,407.56,401.2,282.01,430.24,256.74,317.42,308.69,423.81,393.04,202.01,236.38,220.1,364.06,203,191.34,225.03,311.32,488.28,328.21,378.85,234.86,358.02,413.04,281.5,263.68,323.96,292.54,300.47,301.91,326.82,311.76,268.32,239.02,265.95,397.05,297.38,235.43,649.45,236.88,231.09,255.09,254.96,326.49,277.46,344.41,240.68,387.94,250.6,228.24,243.38,232.04,304.29,278.14,381.94,234.51,364.49,203.43,226.52,337.06,393.76,309.73,162.72,143.66,430.58
SPM,Saint-Pierre-et-Miquelon (Fr.),1213.81,1656.16,1492.45,1481.14,1614.06,1450.77,1595.48,1357.01,1431.44,1337.2,1180.01,1107.86,1615.38,1468.26,1551.84,1267.52,1192.46,1409.11,1496.04,1574.34,1565.89,1430.53,1357.92,1611.48,1597.79,1601.54,1541.77,1454.81,1449.6,1380.38,1614.22,1660.77,1563.68,1553.9,1528.75,1414.5,1527.07,1417.83,1760.3,1316.94,1534.74,1548.84,1527.19,1747.95,1727.85,1419.61,1465.89,1666.64,1560.96,1457.37,1676.21,1224.4,1538.84,1574.32,1688.98,1538.89,1594.2,1434.44,1681.76,1542.89,1450.47,1739.66,1472.22,1595.26,1609.81,1426.66,1650.07,1503.51,1883.67,1547.68,1706.83,1413.35,1688.95,1448.4
SRB,Serbia,506.29,666.8,700.5,653.52,867.4,943.52,790.76,729.6,659.58,800.39,757.93,648.77,754.1,767.48,850.32,736.48,843.73,783.64,791.86,858.63,872.8,751.54,921.81,766.64,860.62,847.04,844.64,773.07,797.62,783.61,855.12,876.32,673.92,665.84,743.04,814.88,727.43,813.14,715.05,809.4,573.97,773.48,655.93,623.41,642.71,871.08,878.97,785.43,694.15,948.3,474,894.36,798.67,650.17,864.3,951.71,800.53,813.79,675.4,894.92,956,512.29,690.01,732.36,1102.52,716.24,906.68,674.95,895.2,726.02,760.46,816.45,727.46,924.12
SSD,South Sudan,1788.04,1442.59,1659.08,1640.57,1276.82,1415.72,1336.87,1334.78,1425.53,1318.02,1352.99,1365.68,1490.94,1353.21,1189.55,981.76,1062.33,1240.14,1139.27,1320.88,1268.8,1328.15,1395.62,1253.73,1443.6,1411.41,1374.42,1271.89,1380.7,1414.6,1350.25,1240.8,1173.58,1236.35,1120.96,1440.97,1253.93,1172.59,1196.87,1139.73,1075.9,1303.15,1188.59,1066.26,1253.32,1161.61,1319.35,1129.58,1169.49,1172.73,1027.98,1095.79,910.21,1059.57,922.44,1013.64,1045,1017.06,996.22,851.04,1030.06,944.71,1006.03,916.84,930.66,809.75,781.58,838.25,780.2,1008.4,906.4,733.44,754.39,639.82
STP,São Tomé and Príncipe,1462.14,1578.87,1329.87,1191.09,1373.99,1348.36,992.45,582.29,1127.47,1166.27,1553.91,1734.21,1385.84,1985.34,1246.24,1327.61,1627.57,1694.26,1461.98,1057.98,1074.72,1113.01,1231.79,1827.55,1725.49,1571.7,1739.11,1529.38,1325.17,1419.31,1604.03,1661.73,1553.13,1058.16,1668.13,1481.45,1538.47,1315.13,1749.88,1405.11,1436.42,1625.83,1108.94,1366.53,1161.82,1365.33,1451.31,1420.36,1420.76,1386.21,1287.7,1339.7,1478.32,1947.13,1265.18,1077.94,1558.87,2319.03,1735.55,1731.05,1091.36,1245.23,1822.97,1242.69,1623.19,1208.31,1735.01,1401.1,1745.99,1580.14,1657.02,1681.07,1577.84,1618.27
SUR,Suriname,1783.45,1825.53,1370.19,1923.4,2172,2163.8,2299.11,1405.92,1477.62,1804.77,2126.91,1846.78,1976.02,2004.02,1307.66,937.63,1081.05,1645.24,1834.65,2167.79,2390.71,1854.01,1775.42,1899.44,1859.39,2103.38,1680.95,1549.53,1737.25,1873.6,1628.18,1998.52,1611.67,1291.96,1896.52,1578.15,1617.58,1191.5,1804.61,1867.63,1774.78,1325.36,1043.12,1525.57,1461.41,1439.24,1785.68,1334.26,1419.68,1925.25,1892.62,1504.85,1671.8,1492.1,1609.49,1811.02,2028.42,2002.63,2094.46,1417.34,2286.02,2104.52,2022.61,2099.41,1554.67,1701.73,2051.62,2288.47,2353.09,1852.21,2191.83,2836.25,2855.94,2085.89
SVK,Slovak Republic,602.17,634.12,812.56,561.35,720.15,782.83,598.49,799.15,809.73,735.93,914.57,655.8,812.07,823.47,789.29,1010.47,938.94,746.8,772.68,792.48,983.74,774.34,933.88,723.33,1010.95,863.14,864.05,871.28,816.59,883.58,927.6,865.88,732.43,733.91,852.9,911.08,707.37,867.02,798.91,810.99,793.48,782.31,717.54,696.22,792.22,866.47,910.98,852.18,892.83,916,815.52,881.49,830.93,605.5,877.17,951.54,787.75,838.93,834.12,853.77,1174.69,681.21,760.78,859.79,953.7,727.69,912.87,876.58,753,857.25,964.43,819,715.49,1037.61
SVN,Slovenia,1111.79,1200.53,1253.4,1026.56,1156.82,1306.57,1015.86,1143.26,1202.57,1313.55,1433.06,1191.17,1358.48,1390.84,1367.26,1743.93,1494.83,1250.52,1298.08,1397.12,1401.87,1104.92,1657.17,1253.36,1353.04,1293.89,1248.14,1286.55,1374.18,1449.07,1467.19,1216.69,1329.37,951.31,1375.78,1365.99,1226.87,1334.96,1151.08,1223.46,1234.13,1246.12,1220.48,1196.85,1192.14,1380.61,1393.94,1185.58,1323.28,1369.48,1279.73,1219.14,1317.53,974.28,1407.32,1222.5,1152.2,1202.44,1404.62,1334.42,1509.59,891.22,1254.26,1409.76,1723.11,1123.35,1432.64,1403.24,1325.41,1437.99,1266.93,1259.6,1078.88,1643.46
SWE,Sweden,773.88,683.9,708.88,748.24,796.23,621.55,618.16,773.71,684.89,665.03,816.01,767.55,723.68,695.3,719.1,752.77,781.43,825.62,674.96,640.81,758.81,766.53,791.59,748.16,832.61,693.19,596.17,787.68,689.29,787.06,713.45,788.62,716.26,784.24,800.39,859.5,767.58,821.29,791.91,739.73,842.68,737.76,786.85,804.77,649.46,751.32,674.44,707.76,915.47,815.85,943.99,817.29,695.43,709.51,779.92,771.59,821.08,771.16,805.34,782.56,764.39,868.94,928.74,724.15,787.65,886.35,734.53,826.77,635.92,849.03,854.12,810.02,770.46,868.92
SWZ,Eswatini,1039.03,710.58,970.78,739.73,603.54,923.21,1000.27,995.66,966.32,777.69,960.91,825.43,829.86,671.54,1034.74,654.01,701.7,888.29,890.54,936.5,756.4,877.56,869.79,1102.62,908.2,1259.9,1012.29,1130.34,1013.88,833.99,782.67,868.7,664.8,692.31,1162.46,968.24,793.81,901,961.74,933.88,964.69,899.74,568.04,715.9,653.56,924.11,947.09,1152.61,975.06,957.19,1448.84,1072.98,664.82,631.83,1015.67,795.64,1047.6,674.37,776.2,898.54,1032.48,849.27,915.51,913.22,877.78,584.11,688.27,906.53,771.51,765.26,869.36,1018.02,1009.75,901.56
SXM,Sint Maarten (Neth.),857.14,957.93,710.58,648,893.16,797.23,647.47,688.06,836.91,644.55,870.25,945.16,778.46,773.75,670.4,760.09,714.65,615.5,578.3,875.17,876.25,670.09,753.31,874.27,970.88,783.26,735.26,823.94,794.89,1025.12,629.42,1059.8,903.12,884.35,979.29,804.36,834.34,1253.54,713.27,835.76,805.2,681.79,831.39,705.44,506.32,1025.33,957.81,753.64,1037.28,1364.89,665.02,677.64,663.2,975.13,1081.21,1176.43,922.35,970.71,959.58,819.12,1395.66,1226.84,900.37,961.24,927.11,596.21,925.11,1172.02,723.88,702.6,854.03,684.32,904.11,977.62
SYC,Seychelles,1268.3,1750.72,1261.04,1833.66,1310.01,1180,938.24,1343.84,1290.37,1339.5,1365.17,1823.87,1272.12,1760.16,1499.64,1539.33,1244.97,1496.36,1320.37,1313.45,1028.4,1202.61,1519.53,1165.42,1162.45,1066.48,1170.76,1406.72,1291.01,1257,1299.25,1160.42,1559.96,1643.56,1149.03,1155.7,1224.4,1102.85,1251.05,1052.14,1123.49,1275.95,1361.79,1132.07,1416.93,1100.4,943.31,1622.31,1502,1156.46,977.35,1080.58,1436.34,1500.36,1373.65,1296.23,1945.27,1260.36,1372.12,1328.01,1239.97,1361.75,1324.56,1489.95,1619.7,1504.33,1274.01,1543.23,1453,2079.7,1750.32,1338.63,1320.21,1857.27
SYR,Syrian Arab Republic,195.58,226.7,208.28,275.28,281.91,174.73,215.11,247.03,128.36,174.96,156.1,212.43,156.79,276.23,218.71,235.46,206.12,325.13,302.51,295.18,155.27,309.72,331,154.76,298.17,234.6,268.81,229.14,181.58,238.89,283.12,276.11,279.41,222.23,225.52,232.79,238.7,274.85,386.01,161.93,155.13,250.55,261.32,264.5,318.7,174.71,318.15,263.85,212.07,119.68,222.17,249.44,243.34,276.35,259.98,175.93,232.35,201.07,128.52,187.21,156.21,223.88,253.54,213.02,222.45,211.86,179.09,163.93,357.06,318.12,250.89,122.57,198.11,213.88
TCA,Turks and Caicos Islands (U.K.),684.17,815.76,587.2,670.19,1049.32,909.05,764.5,654.91,603.08,592.69,1330.04,901.41,655.85,1165.12,681.84,826.83,791.76,521.6,543.14,929.5,569.51,789.81,848.09,969.76,836.69,712.6,635.83,1140.75,909.32,829.07,828.18,928.02,913.78,847.83,827.42,827,753.9,1176.47,764.83,740.73,706.19,549.35,653.95,818.19,798.76,572,652.75,564.55,801.55,894.75,529.03,755.27,583.27,663.06,812.99,933.15,845.74,992.42,1181.31,841.22,960.44,1100.69,677.65,614.57,807.14,689.93,780.93,1169.45,685.9,647.18,765.29,609.35,686.21,755.62
TCD,Chad,501.63,296.39,389.57,417.93,380.84,320.47,411.34,356.86,367.85,229.86,238.39,300.86,308.2,252.4,211.41,121.46,139.2,301.96,271.39,376.75,348.94,292.04,289.38,312.22,398.29,399.81,299.44,362.65,369.94,378.47,427.36,354.38,295.9,234.48,243.59,388.65,276.58,310.4,437.14,314.21,260.31,331.46,323.28,264.39,428.87,359.24,344.53,316.11,384.22,421.1,277.41,308.13,267.19,341.55,262.02,344.16,267.68,273.45,285.57,243.31,338.66,256.95,320.25,262.1,269.97,223.51,292.34,265.05,311.03,346.26,262.72,203.26,264.95,189.69
TGO,Togo,1236.44,1531.44,1158.74,1062.17,1148.82,1360.93,1128.24,1632.5,1074.78,1293.56,1365.97,960.87,1389.65,1407.09,1037.64,1301.8,1244.17,1508.88,1737.46,1410.9,1388.21,1550.89,1431.41,1329.62,1284.57,1300.52,1454.68,1101.86,1424.54,1429.89,1566.09,1356.92,1448.91,1113.98,1458.25,1487.06,1414.01,1386.75,1576.45,1466,1309.67,1548.74,1365.62,1479.6,1492.13,1487.84,1291.91,1339.39,1245.78,1593.21,1236.66,1045.87,1373.61,1282.03,1202.1,1134.44,1249.76,1251.18,1166.23,1209.44,1313.36,1162.36,1383.49,1172.04,1363.39,1181.66,1437.69,1264.8,1422.88,1452.86,1132.5,1068.37,1200.56,1342.29
THA,Thailand,1473.7,1354.43,1842.17,2197.9,1329.17,1615.8,1689.17,1773.8,1416.44,1567.39,1572.15,1652.89,1636.88,1672.52,1692.61,1787.3,1794.73,1443.28,1388.17,1564.45,1648.43,1600.7,1804.98,1695.48,1790.61,1929.16,1838.96,1490.39,1846.13,1559.34,1741,1679.24,1612.18,1583.52,1586.64,1646.44,1686.46,1590.23,1741.77,1554.3,1574.08,1602.94,1508.16,1450.56,1813.44,1773.83,1819.7,1498.51,1436.99,1940.5,1936.28,1721.03,1752.6,1495.31,1404.13,1619.48,1701.38,1761.41,1792.72,1632.92,1671.98,1941.55,1630.3,1686.53,1494.16,1485.24,1601.4,1901.74,1750.29,1426.76,1506.67,1735.28,1858.35,1526.43
TJK,Tajikistan,573.16,740.06,680.53,817.46,767.6,686.3,639.98,746.19,767.86,707.05,681.26,572.57,674.05,675.46,768.82,761.73,689.02,657.89,758.15,974.23,643.85,545.5,802.86,665.57,681.69,650.27,700.66,699.03,685.01,684.11,740.43,839.03,705.06,678.18,786.42,707.15,738.03,933.2,811.39,728.47,740.38,851.51,810.58,909,745.57,608.64,748.34,641.77,934.16,885.21,654.75,621.08,780.02,822.2,799.28,672.29,690.72,699.15,641,815.71,792.41,749.94,672.47,637.17,717.19,804.17,761.64,722.83,707.9,671.39,643.94,599.22,734.45,588.34
TKL,Tokelau (N.Z.),1864.87,2533.79,2826.61,2635.73,1774.47,1885.58,2020.69,2509.89,3520.26,3013.99,2583.05,3267.69,1771.41,2496.14,3813.59,3143.55,2747.3,2705.25,2755.07,2492.97,2439.14,1984.68,2580.07,2581.79,1852.96,1824.26,1749.72,3327.48,2274.59,2347.55,2399.2,3203.79,2649.03,2752.35,2736.12,1976.23,2215.28,3690.25,2615.28,2492.58,2697.5,2335.61,3291.26,2983.14,3052.47,3301.99,2197.99,3151.42,3419.19,1849,1743.66,3304.92,2786.06,3330.28,3133.15,3018.71,2667.52,3667.84,2021.74,2152.96,2826.15,1525.19,2832.17,3782.98,2754.34,3165.97,3324.54,2599.99,2374.05,3112.22,3007.07,1583.54,1644.36,2427.11
TKM,Turkmenistan,141.6,170.91,193.04,258.53,213.29,165.9,172.91,196.82,145.68,190.21,129.52,128.73,144.03,186.68,189.15,170.01,146.29,182.73,168.12,288.09,134.58,142.43,233.05,203.69,187,138.26,214.35,164.67,217.15,208.47,211.64,251.1,184.92,139.94,181.83,148.33,140.94,186.59,205.47,153.04,174.94,196.9,210.03,206.81,191.57,146.03,155.07,189.76,216.2,176.98,122.28,133.66,211.35,228.65,198.57,171.6,151.83,168.44,98.1,209.69,149.72,170.5,159.57,148.83,128.49,190.59,190.84,154.11,147.17,236.08,171.48,94.61,134.45,101.09
TLS,Timor-Leste,2047.05,1158.91,1465.59,1173.82,1797.21,1963.22,1761.57,1671.28,1512.34,1879.95,2070.07,1568.55,1685.79,1682.94,1777.91,1609.44,1490.86,1572.87,1670.04,1198.04,1856.72,1896.01,1186.29,1817.05,1792.54,2378.82,1495.58,1468.3,2092.67,1217.74,1448,1843.57,1297.97,1800.35,1937.53,1515.78,1921.45,1446.7,1852.08,1529.19,1613.3,1212.39,1333.12,1512.6,1368.5,1831.82,1702.41,1262.14,2009.33,2068.99,2110.84,1908.75,1235.27,1425.51,1530.7,1310.88,1863.5,1581.23,1675,1423.57,2204.9,1844.11,1623.79,2106.86,1355.85,1248.66,1689.49,1875.46,1504.17,1368.28,1660.89,2046.08,2077.17,1473.86
TON,Tonga,1808.51,1502.41,1688,2085.91,2430.48,2179.04,2095.19,2110.96,1829.38,1844.84,2008.91,1487.57,1801.92,1805.41,2077.55,1589.91,1320.38,1500.87,1697.16,1534.8,1990.9,1616.69,1956.22,1743.41,2055.09,1989.3,1639.09,1680.58,1708.28,1637.13,1811.14,1635.4,1859.27,1397.43,1542.11,1459.48,1518.09,1121.79,1719.95,1894.05,1682.61,1395.19,1231.96,1444.59,1234.11,1171.93,1875.55,1856.98,1295.57,2003.29,2344,1686.1,1775.35,1511.02,1872.65,2023.74,1922.13,2259.04,1942.64,1846.65,1803.12,2156.42,2098.55,2239.19,1588.33,1325.43,1899.33,2522.74,2096.05,2424.35,2109.14,2211.18,2453.45,1939.35
TTO,Trinidad and Tobago,1840,1944.13,1261.21,1511.53,1963.51,1697.61,1823.65,1327.44,1499.73,1492.11,1591.63,1601.02,1581.69,1519.61,1603.06,1290.26,1340.54,1206.5,1347.65,1322.02,1331.77,1208.49,1500.96,1628.88,1282.68,1483.66,1239.74,1299.1,1437.49,1516.39,1400.49,1669.59,1538.46,1495.4,1418.3,1456.32,1352.63,1172.17,1451.35,1210.67,1270.9,1285.85,1188.52,1173.48,1209.07,1213.14,1410.4,1267.82,1672.11,1570.11,1580.28,1464.46,1526.91,1424.92,1691.17,1780.26,1385.98,1654.62,1549.17,1364.99,1756.1,1948.35,1768.96,1452.14,1321.57,1130.01,1339.31,1703.49,1488.34,1288.11,1327.39,1706.05,1906.89,1443
TUN,Tunisia,188.55,165.85,159,240.4,170.35,195.22,170.32,273.73,195.01,182.37,155.64,134.76,185.83,233.35,230.11,186.07,189.19,166.28,186.39,368.01,155.73,258.56,323.08,331.15,217.29,244.83,372.69,170.11,192.72,261.63,239.51,141.39,268.91,150.01,238.23,167.02,228.96,170.9,169.77,146.09,301.82,202.15,255.11,148.32,157.23,225.79,221.24,230.45,181.41,210.73,135.24,128.22,173.46,321.6,234.15,216.41,220.51,238.55,165.31,276.43,186,237.39,202.52,178.1,197.59,182.37,185.42,200.62,205.67,228.5,185.76,128.35,113.5,173.23
TUR,Türkiye,646.69,781.05,658.72,782.81,780.47,617.28,617.91,622.72,648.94,649.97,644.84,603.95,619.91,886.66,655.41,823.87,757.6,807.19,912.4,852.78,703.77,847.48,843.92,634.53,680.59,719.03,799.14,639.52,730.41,781.27,750.53,833.06,647.93,764.28,629.79,696.7,703.49,822.09,849.01,592.77,587.09,747.79,675.83,666.07,705.72,729.5,776.47,738.54,726.88,637.65,642.48,725.59,675.34,708.05,660.69,723.2,683.93,646.8,543.58,825.2,762.62,720.61,781.91,604.6,709.8,749.15,732.61,648.19,791.79,717.71,612.39,654.63,632.75,798.97
TUV,Tuvalu,1442.29,3290.85,3376.32,3280.05,1526.81,1426.66,1497.46,3128.05,3589.81,3439.12,2866.72,3337.85,1671.36,2232.3,3205.92,3174.28,2762.14,3496.92,3143.97,3860.56,3159.19,2036.43,3546.5,2701.27,1883.53,1944.4,2558.81,3511.46,3466.42,3012.22,2955.46,3198.47,3260.15,4393.45,3033.95,2287.1,3077.9,4718.78,2509.4,1968.96,3301.46,2781.36,3396.14,3508.89,2841.81,2893,2205.96,3212.01,4098.28,1455.85,1536.2,2753.15,3241.93,3350.06,3227.94,2908.18,2532.42,2851.37,1918.15,2640.22,2817.53,1340.84,2476.29,3044.4,2692.72,3392.76,3174.38,2582.7,2245.23,3456.65,3009.6,1705.7,1337.21,2441.47
TWN,TWN,2665.97,2490.48,2161.78,2438.01,1768.25,2126.76,2726.67,2314.74,2617.64,2571.75,2965.49,2634.43,2384.87,2264.68,2165.32,2324.72,2780.15,2407,3012.48,2859.84,2625.03,2621.13,3464.24,2833.16,3218.46,3066.72,2657.42,2900.02,3280.88,2776.05,2272.13,3314.35,2806.68,2702.06,2568.28,2958.43,3078.45,2731.1,2937.1,2758.99,3205.43,2345.65,3043.64,2055.01,2975.13,2489.89,2647.35,2787.76,3375.78,2654.26,3157.2,3394.78,2292.88,2129.82,2932.7,3532.33,2964.48,3360.91,3267.82,2786.66,2705.77,2756.62,3462.38,3000.21,2387.24,2694.36,3639.46,2560.3,2753.8,2658.34,2065.04,2511.64,2531.12,2626.09
TZA,Tanzania,1145.75,1428.73,1125.64,1703.08,1005.57,1217,1159.85,1731.26,1229.88,1359.89,1232.08,1629.14,1307.54,1373.67,1194.79,1216.09,1054.77,1219.83,1344.77,989.75,1271.25,1249.93,1577.36,1209.01,1172.11,1166.58,1169.91,1430.23,1394.92,1360.99,1157.52,1144.94,1328.51,1134.95,1244.75,1213.41,1402.88,1140.79,1086.04,1343.02,1109.78,1183.28,1021.88,884.54,1154.4,998.67,967.31,1251.33,1090.15,921.45,965.32,978.23,1161.93,766.1,1033.49,764,1188.89,955.71,1001.42,950.62,968.48,1155.68,1016.96,1046.19,1074.59,1071.83,990.02,1050.88,1171.65,1231.8,1327.04,903.38,999.87,1129.2
UGA,Uganda,2010.02,2328.24,2140.65,2649.36,1694.68,1815.09,1807.33,1894.5,1874.5,2136.23,2128.68,2359.73,2290.36,2294.23,1981.25,1798.26,1886.15,2144.66,2034.96,1653.36,1914.52,1999.85,2202.79,1789.36,1869.81,2129.07,1991.4,1966,1984.74,1874.45,1607.32,1851.55,1823.39,1830.46,1630.07,1938.84,1959.55,1789.63,1857.19,1736.84,1785.95,1923.28,1635.4,1510.51,1840.21,1663.86,1678.21,1735.83,1481.56,1562.73,1347.46,1586.97,1427.49,1417.83,1458.53,1430.9,1724.92,1517.22,1491.73,1421.07,1702.6,1707.99,1651.86,1546.32,1470.64,1538.39,1232.58,1430.11,1569.99,1761.51,1832.4,1247.36,1341.14,1545.62
UKR,Ukraine,477.12,457.89,662.61,487.87,504.56,662.32,583.22,516.19,680.67,522.48,657.87,526.71,656.74,573.3,641.71,717.87,766.24,632.09,682.18,690.84,843.56,711.65,680.72,710.78,692.64,542.64,709.69,776.47,740.55,654.6,839.81,794.93,602.35,613.43,655.37,742.83,569.71,657.33,759.95,652.73,662.31,628.74,650.33,667.25,567.49,724.63,672.75,803.36,717.53,659.49,649.41,711.23,619.75,600.69,735.15,661.93,630.07,587.11,656.69,602.4,696.4,516.26,620.16,627.34,572.61,558.15,709.54,597.15,594.38,539.3,572.16,716.55,657.92,701.11
UMI,U.S. Minor Outlying Islands,1026.3,1340.65,1002.72,1164.96,923.01,863.48,937.99,1410.49,994.39,936.56,948.41,1106.6,1002.54,1025.03,958.25,1184.72,1332.92,1242.42,1066.29,1253.98,919.3,860.98,1515.71,948.62,971.63,828.62,963.03,882.73,914.37,1043.32,879.05,890.91,1343.65,955.11,947.75,917.93,1027.65,1399.12,744.88,988.66,1141.39,1080.59,1263.82,942.96,1157.73,853.92,1070.97,1548.68,776,831.12,916.31,1148.98,1324.46,1181.4,1309.34,1086.58,1179.92,956.52,987.68,1177.59,1180.22,1129.79,1142.15,1034.97,1233.56,1702.85,1217.59,948.6,1033.89,1162.87,874.07,1164.54,1037.32,1173.94
URY,Uruguay,865.58,1337.29,1038.4,1112.62,1099.88,1023.52,793.92,1226.44,1099.68,1428.05,793.8,1161.83,757.08,1555.05,894.53,904.3,1131.89,1604.32,1296.41,1030.15,1345.19,1218.33,1399.31,1349.53,1203.15,1087.05,1218.64,1545.54,1261.49,854.35,1488.1,1267.56,1419.18,1339.81,1540.72,1219.83,1621.79,1236.28,1079.77,844.51,1564.34,1408.88,1327.86,1453.18,1306.15,1103.31,1116.9,1311.25,1676.21,1128.26,1489.84,1540.68,2001.68,1398.44,967.69,1219.91,1130.7,1360.79,823.46,1317.94,1254.32,1082.78,1328.27,1089.04,1612.76,1236.62,1347.12,1375.3,1125.62,1603.54,856.93,1051.27,928.73,1170.08
USA,United States of America,813.52,845.82,735.17,765.3,705.02,754.67,700.93,872.32,771.02,821.28,782.99,830.56,735.82,716.52,780.14,778.14,696.55,774.56,749.73,758.65,761.3,763.86,796.77,900.11,783.89,832.11,721.95,821.23,818.27,855.32,810.25,841.3,930.69,928.28,863.97,861.24,880.85,833.79,761.8,815.6,868.72,874.99,850.32,905.56,842.93,862.19,871.14,841.35,886.23,762.65,768.07,767.77,783.49,803.17,856.31,791.71,787.74,747.38,813.57,837.22,801.52,794.65,724.95,807.19,792.92,868.08,824.59,866.49,922.88,932.77,812.33,833.69,794.64,812.75
UZB,Uzbekistan,178.2,225.46,264.1,327.42,282.83,221.21,239.3,240.18,279.8,241.5,214.8,210.37,219.24,270.22,277.33,227.82,200.91,270.25,247.95,399.28,216.56,181.01,259.06,255.08,199.26,190.89,259.77,229.26,311.04,269.12,272.03,332.63,232.31,225.35,237.04,243.14,217,295.35,282.91,230.06,259.14,294.02,286.84,314.92,261.32,189.24,194.05,269.2,321.09,254.98,184.18,196.73,325.12,355.54,274.2,246.54,230.64,228.28,181.95,285.68,223.86,222.85,220.57,229.02,227.03,292.64,280.68,229.94,215.86,260.69,220.77,162.8,239.9,190.86
VAT,Vatican City,803.49,976.8,884.85,821.15,687.73,745.69,765.67,741.11,944.39,953.96,1266.39,820.45,960.18,1059.89,942.86,1190.26,1102.22,781.65,1031.45,1082.71,812.42,1012.82,1239.53,670.18,906.22,972.25,1109.06,973.06,1039.36,1403.03,1044.6,866.68,797.29,748.72,1115.97,789.84,1036.95,906.42,697.87,731.5,812.65,908.51,915.71,756.41,655.81,754.16,1100.5,871.13,841,917.13,832.89,625.49,917.91,716.75,1030.14,1038.23,579.15,659.57,1083.44,902.05,1208.6,718.58,962.19,1070.04,1093.16,814.78,863.02,682.58,1154.25,1054.7,920.39,899.43,679.89,821.86
VCT,Saint Vincent and the Grenadines,1566.34,1550.64,1087.03,1111.7,1301.39,1274.16,1283.92,1218.86,1523.27,1178.78,1358.24,1551.59,1503.23,1423.5,1381.6,1057.04,1224.73,891.09,894.23,907.03,965.53,821.08,974.2,1141.14,1089.79,1209.86,1025.2,1155.83,1055.48,1194.9,1083.63,1298.29,1065.03,1143.21,1172.85,1168.43,1012.62,1118.23,1423.54,885.33,970.08,1029.09,1135.97,1057.85,935.97,1057.03,1143.43,953.6,1287.16,1118.67,1095.5,1062.39,1022.36,1114.5,1491.47,1619.8,1163.21,1210.89,1209.25,1004.36,1653.95,1600.13,1233.69,1173,888.43,788.71,1179.35,1382.94,1045.11,910.55,1072.39,884.63,1287.03,1234.69
VEN,R. B. de Venezuela,2306.38,2221.79,1804.25,1881.78,2113.1,2214.21,2265.32,1729.53,1974.57,1983.06,2068.01,2101.27,2225.85,2121.55,2137.66,1904.49,2054.15,2025.75,2231.31,2409.64,2354.94,2024.95,2270.76,2308.21,2177.79,2344.11,2133.29,2109.93,2355.11,2296.5,2019.53,2329.37,2122.01,2039.36,2101.58,2131.88,2231.86,2172.44,2294.53,2125.17,2341.8,2162.35,1999.42,2230.97,2092.63,2068.7,2224,1859.98,2318.9,2355.26,2178.99,1974.87,2168.32,2251.15,2345.25,2203.98,2272.7,2277.57,2384.55,1875.3,2669.67,2534.54,2367.17,2211.08,2049.13,1923.72,2299.71,2266.78,2170.61,2061.57,2005.04,2248.14,2261.93,1783.81
VGB,British Virgin Islands (U.K.),963.67,1178.02,761.96,738.36,999.03,822.14,727.66,744.28,937.02,720.24,1049.46,992.81,829.83,938.4,780.11,845.56,774.29,627.23,602.2,1036.29,1089.79,750.12,765.62,887.73,1163.5,834.76,725.22,918.82,925.11,1246.48,807.23,1194.92,1045.73,1172.74,992.41,900.9,952.27,1316.7,787.97,1005.06,811.24,755.52,1055.59,774.7,650.27,867.72,1025.46,866.68,1153.05,1130.92,664.54,757.09,684.11,1153.22,1104.14,1297.26,949.74,1068.71,1073.55,929.75,1304.56,1278.49,893.23,1060.97,956.6,630.29,1013.89,1274.71,789.01,728.61,940.94,667.01,1015.57,970.11
VIR,United States Virgin Islands (U.S.),1064.14,1160.63,783.08,729.52,991.66,910.55,792.98,804.39,1057.43,727.83,1069.03,1049.64,844.35,1005.63,871.95,852.37,799.99,636.66,627.86,1066.46,1154.68,778.63,861.64,922.08,1202.35,843.58,739.45,956.18,979.5,1431.05,896.2,1264.26,1069.5,1217.37,1027.62,955.32,1049.33,1394.19,902.69,1015.56,873.15,763.59,1003.81,886.55,677.46,821.03,1031.13,850.8,1293.95,1213.98,706.5,835.08,700.75,1159.24,1286.75,1364.09,988.62,979.63,1121.34,988.16,1286.78,1340.33,923.48,1099.11,958.21,627.94,1082.9,1248.77,804.62,788.61,993.34,731.76,1180.17,969.48
VNM,Vietnam,1709.87,1772.99,1938.07,1949.2,1632.62,1896.85,2038.69,1935.41,1779.59,1744.79,2003.41,2003.96,1827.14,1918.5,2192,1916.64,1991.65,1691.71,1770.08,1706.89,1985.57,2228.66,2388.61,2383.56,2074.37,2317.63,1942.67,1815.16,2331.6,2037.01,2334.13,2416.01,2016.76,2079.87,2014.89,2174.09,2209.59,1978.22,2020.43,2054.46,2172.07,1869.16,1932.06,1954.17,2086.67,2018.64,2261.67,1993.92,1973.48,2142.77,2088.98,1987.24,1933.56,1831.21,1655.1,1977.63,1917.92,2161.13,2234.11,2020.58,2168.26,2076.53,1999.82,2226.26,1927.31,1812.09,2054.31,2375.73,2109.15,1823.87,2145.61,2076.95,2236.44,1919.16
VUT,Vanuatu,3126.5,2594.56,2359.76,1996.49,2285.31,2443.81,1920.11,1956.74,1570.36,2513.98,1600.79,2660.44,2558.87,2478.9,1902.07,2204.9,1447.24,2247.34,1623.54,2058.85,2104.35,2353.91,2505.37,2062.61,2410.01,2955.56,2484.63,1818.3,1464,1779.71,1830.57,1790.83,2497.82,1446.61,2146.84,2243.92,2076.9,1460.55,3250.33,2607.54,1919.35,2110.93,1573.85,1390.29,1890.6,1588.94,2290.7,1660.09,1981.6,3078.29,3100.05,2132.28,2496.04,1837.33,1840.86,1996.15,2193.41,2444.36,2634.61,2439.88,2197.17,2928.64,3007.82,2600.33,2173.23,2137.3,1551.48,2296.27,2420.03,2041.78,2776.83,2612.25,3369.12,2476.64
WLF,Wallis and Futuna (Fr.),2370.13,3296.41,3694.89,2651.49,3226.69,3077.8,2131.18,2747.87,2574.9,3395.81,3084.31,2719.2,2720.69,2834.92,2885.76,2905.44,2856.17,3145.05,3123.16,3036.34,3056.95,2309.63,3185.24,2931.55,2442.94,2394.52,2325.89,2508.52,3403.66,2056.28,2442.49,2655.23,2725.54,2110.67,2712.76,2508.02,2727.89,1730.85,3016.66,2311.57,2485.41,2287.36,2464.28,2598.36,2591.96,2751.69,2551.55,2801.19,2364.05,2738.42,2773.38,2690.86,2754.93,2945.72,2971.94,2713.02,3448.44,3164.29,2936.33,2867.33,2837.17,2315.61,2645.45,3560.95,2495.28,2494.44,2448.11,3651.25,3366.9,3521.64,3241.66,2748.73,2538.11,2985.78
WSM,Samoa,1714.55,2605.45,3002.85,2572.32,2358.61,2352.44,2191.62,2420.55,2570.97,3031.35,3238.16,2706.43,2585.21,2505.8,2419.24,2849.02,2298.45,2799.74,2070.06,2269.43,2134.74,1971.86,2582.45,2847.02,2005.16,2294.21,2076.42,2146.15,3542.95,2102.97,2303.36,2710.46,2279.59,1885.89,2689.48,2394.44,2700.7,2093.31,2989.64,2561.26,2702.73,2864.34,2421.31,2502.18,2452.43,2813.55,2720.31,2691.25,2242.56,2420.46,2397.36,2808.36,2559.45,2903.23,2556.08,2641.62,3371.95,3043.74,2578.18,2289.9,2600.21,2352.86,2890.76,2708.42,2767,2693.67,2378.67,3232,3154.59,2764.12,3825.91,2548.77,2141.5,2645.82
YEM,Republic of Yemen,466.38,362.04,283.38,434.27,295.71,210.89,177.14,179.17,124.81,185.92,223.08,157.84,126.5,197.32,142.46,122.68,128.1,198.99,192.13,111.88,133.14,156.64,179.62,114.37,163.6,189.84,144.33,292.91,176.04,151.22,117.45,158.72,187.13,251.73,101.81,164.2,144.38,165.39,166.71,189.27,122.9,99.06,179.76,179.91,114.88,170.61,203.12,179.23,176.64,147.54,143.1,154.42,149.58,139.77,121.24,147.95,134.52,165.26,136.59,95,178.81,117.16,93.16,134.31,121.63,126.87,163.2,108.79,173.71,152.49,211.81,142.45,116.99,144.75
ZAF,South Africa,598.64,491.55,561.97,443.77,299.14,529.19,524.36,597.06,585.59,534.62,562.46,596.29,562.76,629.74,475.96,384.11,493.03,596.66,431.13,484.34,501.38,588.53,524.98,600.71,742.16,627.48,712.71,621.46,502.56,499.39,469.85,598.21,467.04,471.16,464.79,607.26,552.7,609.49,717.11,606.86,488,598.73,378.63,506.07,428.49,574.18,660.8,560.57,550.26,548.04,730.6,660.78,496.55,419.88,548.5,507.43,687.27,455.11,472.25,542.95,566.22,616.92,532.56,472.24,534.52,365.98,452.93,487.64,413.45,398.73,523.89,627.77,656.63,510.72
ZMB,Zambia,1212.52,1003.68,1220.82,1611.54,674.42,1442.89,1339.33,1722.46,1632.86,1299.49,1024.8,1412.91,1323.66,1285.09,1030.56,917.02,1022.52,1041.16,1043.12,1387.26,1068.48,1128.44,1123.4,996.33,1269.45,1021.9,1268.38,1229.57,1553.55,1189.85,1037.64,1050.91,1130.99,1050.38,1084.54,1155.58,1241.96,940.8,1045.11,1229.9,996,1057.78,876.5,1184.34,949.6,899.3,1015.71,1162.85,1059.97,1015.56,1194.31,1153.29,977.02,1030.66,1127.89,851.13,1120.13,1172.68,1171.54,1147.68,1202.17,1120.29,1127.04,1090.13,1068.38,1027.52,1109.01,1258.9,1119.48,1012.55,1272.78,1050.65,1299.88,1119.05
ZWE,Zimbabwe,714.11,446.06,851.81,1019.16,450.41,1075.13,885.94,822.49,1263.54,638.19,524.42,660.75,936.52,704.39,586.78,297.69,689.29,580.63,621.01,916.68,504.13,607.19,706.48,711.88,881.95,729.69,803.84,961.9,1013.26,603.47,693.69,864.52,535.17,564.42,685.48,832.39,775.24,518.39,748.78,752.88,646.07,600.17,531.42,744.69,515.78,549.69,884.12,881.45,784.41,770.03,1072.83,920.31,427.37,740.57,800.97,595.2,770.84,868.44,738.15,721.64,804.21,712.32,604.57,803.21,882.77,537.18,714.79,977.44,695.35,613.92,817.86,790.24,776.28,781.26